,Open
2012-01-01,6.3754762
2012-01-02,6.3754762
2012-01-03,6.710142866666667
2012-01-04,6.735857133333334
2012-01-05,6.7803333
2012-01-06,6.8318571
2012-01-07,6.491238066666667
2012-01-08,6.1600952
2012-01-09,6.586809499999999
2012-01-10,7.0620476
2012-01-11,7.1822856999999996
2012-01-12,7.263380966666667
2012-01-13,7.367619066666666
2012-01-14,7.026666699999999
2012-01-15,6.6924285999999995
2012-01-16,6.6924285999999995
2012-01-17,7.149571466666667
2012-01-18,7.260952433333333
2012-01-19,7.408619099999999
2012-01-20,7.557714333333334
2012-01-21,7.2190476666666665
2012-01-22,6.866047666666668
2012-01-23,7.3360953
2012-01-24,7.7746667333333335
2012-01-25,8.216095300000001
2012-01-26,8.414190566666667
2012-01-27,8.629809566666667
2012-01-28,8.301333366666666
2012-01-29,7.972238133333333
2012-01-30,8.566333366666667
2012-01-31,9.161523866666666
2012-02-01,9.739666733333333
2012-02-02,9.9930953
2012-02-03,10.243809599999999
2012-02-04,9.865619133333333
2012-02-05,9.488857233333334
2012-02-06,10.075619166666666
2012-02-07,10.688619133333335
2012-02-08,10.861285766666667
2012-02-09,10.978476266666666
2012-02-10,11.116857266666667
2012-02-11,10.6764763
2012-02-12,10.240904866666666
2012-02-13,10.836000133333334
2012-02-14,11.402619166666666
2012-02-15,11.991333433333333
2012-02-16,12.1161429
2012-02-17,12.254000066666666
2012-02-18,11.779428633333334
2012-02-19,11.2908572
2012-02-20,11.2908572
2012-02-21,11.880619133333333
2012-02-22,11.957761966666668
2012-02-23,12.050380999999998
2012-02-24,12.1464762
2012-02-25,11.604095233333334
2012-02-26,11.0526667
2012-02-27,11.5671905
2012-02-28,12.0834286
2012-02-29,12.027809533333334
2012-03-01,11.952142833333335
2012-03-02,11.909666633333334
2012-03-03,11.321571400000002
2012-03-04,10.7263333
2012-03-05,11.272523766666668
2012-03-06,11.793904733333333
2012-03-07,11.737809466666668
2012-03-08,11.6293333
2012-03-09,11.539476166666667
2012-03-10,10.947047566666667
2012-03-11,10.356333233333334
2012-03-12,10.869428466666667
2012-03-13,11.383142766666667
2012-03-14,11.291952266666666
2012-03-15,11.226999900000001
2012-03-16,11.163333266666667
2012-03-17,10.581380933333334
2012-03-18,9.999809466666669
2012-03-19,10.521285666666667
2012-03-20,11.063714266666667
2012-03-21,11.6160952
2012-03-22,11.597904666666667
2012-03-23,11.619476099999998
2012-03-24,11.088285633333333
2012-03-25,10.550761866666667
2012-03-26,11.1297619
2012-03-27,11.7113809
2012-03-28,11.769476166666665
2012-03-29,11.814809499999999
2012-03-30,11.826380966666667
2012-03-31,11.306857166666667
2012-04-01,10.7711905
2012-04-02,11.317857166666666
2012-04-03,11.845571466666666
2012-04-04,11.830952433333332
2012-04-05,11.833095266666668
2012-04-06,11.3024286
2012-04-07,10.7979048
2012-04-08,10.288381
2012-04-09,10.806285766666667
2012-04-10,11.3173334
2012-04-11,11.2958572
2012-04-12,11.264333366666667
2012-04-13,11.260000033333334
2012-04-14,10.758333366666667
2012-04-15,10.233285733333332
2012-04-16,10.7314286
2012-04-17,11.2157143
2012-04-18,11.201333333333334
2012-04-19,11.159238066666667
2012-04-20,11.118857133333334
2012-04-21,10.547285733333334
2012-04-22,9.978523833333334
2012-04-23,10.478000033333334
2012-04-24,10.890000033333335
2012-04-25,10.732857133333335
2012-04-26,10.558857166666666
2012-04-27,10.394380966666667
2012-04-28,9.832809533333334
2012-04-29,9.282761899999999
2012-04-30,9.676190466666666
2012-05-01,10.058523799999998
2012-05-02,9.896333333333333
2012-05-03,9.758190466666665
2012-05-04,9.587523800000001
2012-05-05,9.064
2012-05-06,9.064
2012-05-07,9.409238100000001
2012-05-08,9.757190466666666
2012-05-09,9.5827619
2012-05-10,9.428142833333332
2012-05-11,9.283619033333334
2012-05-12,8.801428566666667
2012-05-13,8.301857133333334
2012-05-14,8.669142833333334
2012-05-15,9.039523800000001
2012-05-16,8.9107619
2012-05-17,8.780047633333334
2012-05-18,8.6172381
2012-05-19,8.116904766666668
2012-05-20,7.604904766666667
2012-05-21,7.9375238
2012-05-22,8.279428566666667
2012-05-23,8.101238066666665
2012-05-24,8.0298095
2012-05-25,7.944142833333332
2012-05-26,7.536523799999999
2012-05-27,7.128380933333333
2012-05-28,7.128380933333333
2012-05-29,7.4667619
2012-05-30,7.399428566666667
2012-05-31,7.3347142666666665
2012-06-01,7.240476166666666
2012-06-02,6.8509047333333335
2012-06-03,6.489999966666667
2012-06-04,6.791190433333332
2012-06-05,7.100761866666667
2012-06-06,7.068190433333333
2012-06-07,7.037380933333334
2012-06-08,7.000428533333333
2012-06-09,6.643999966666667
2012-06-10,6.296904733333333
2012-06-11,6.6130476
2012-06-12,6.914285699999999
2012-06-13,6.845095233333334
2012-06-14,6.7737142666666665
2012-06-15,6.705619
2012-06-16,6.352047566666667
2012-06-17,6.007761866666667
2012-06-18,6.3175714
2012-06-19,6.636142833333333
2012-06-20,6.6343809333333335
2012-06-21,6.617523800000001
2012-06-22,6.611666666666666
2012-06-23,6.271095233333333
2012-06-24,5.9349047666666666
2012-06-25,6.257809533333334
2012-06-26,6.577857166666667
2012-06-27,6.897047633333334
2012-06-28,6.873428566666666
2012-06-29,6.872571433333333
2012-06-30,6.5549524
2012-07-01,6.2647143
2012-07-02,6.5921905
2012-07-03,6.918333366666667
2012-07-04,6.617142900000001
2012-07-05,6.661523833333333
2012-07-06,6.747619066666667
2012-07-07,6.4304762
2012-07-08,6.123952399999999
2012-07-09,6.519095266666667
2012-07-10,6.917761933333334
2012-07-11,6.983047633333333
2012-07-12,7.070000000000001
2012-07-13,7.180380966666666
2012-07-14,6.881380966666667
2012-07-15,6.580095266666666
2012-07-16,6.985380966666667
2012-07-17,7.381809533333334
2012-07-18,7.458904766666667
2012-07-19,7.530619033333333
2012-07-20,7.593380933333333
2012-07-21,7.268333299999999
2012-07-22,6.952904733333333
2012-07-23,7.3373333
2012-07-24,7.723380933333334
2012-07-25,7.706238066666667
2012-07-26,7.6686190000000005
2012-07-27,7.622571399999999
2012-07-28,7.3078095
2012-07-29,6.982571399999999
2012-07-30,7.2631904333333335
2012-07-31,7.536761866666667
2012-08-01,7.482761866666666
2012-08-02,7.4150952
2012-08-03,7.6763333
2012-08-04,7.322380933333333
2012-08-05,6.923619033333334
2012-08-06,7.183333333333334
2012-08-07,7.4545238000000005
2012-08-08,7.3335238
2012-08-09,7.209095233333333
2012-08-10,7.102238099999999
2012-08-11,6.714047633333333
2012-08-12,6.305571433333333
2012-08-13,6.5970952333333335
2012-08-14,6.8857619
2012-08-15,6.7758571666666665
2012-08-16,6.681619066666666
2012-08-17,6.603666666666666
2012-08-18,6.213380966666667
2012-08-19,5.819761933333334
2012-08-20,6.122809566666667
2012-08-21,6.433000033333333
2012-08-22,6.3586667
2012-08-23,6.2870000333333325
2012-08-24,6.2816667
2012-08-25,5.999238133333333
2012-08-26,5.7260952666666665
2012-08-27,6.027619066666667
2012-08-28,6.324000033333333
2012-08-29,6.3436191
2012-08-30,6.370809566666666
2012-08-31,6.389285733333334
2012-09-01,6.130809533333333
2012-09-02,5.869571433333333
2012-09-03,5.869571433333333
2012-09-04,6.145761899999999
2012-09-05,6.150809499999999
2012-09-06,6.144428566666666
2012-09-07,6.140190466666666
2012-09-08,5.865952366666666
2012-09-09,5.591380933333332
2012-09-10,5.859666633333333
2012-09-11,6.1258571
2012-09-12,6.108142833333333
2012-09-13,6.0902857
2012-09-14,6.073476166666667
2012-09-15,5.771285700000001
2012-09-16,5.4623333333333335
2012-09-17,5.743190466666666
2012-09-18,6.016
2012-09-19,5.983142833333333
2012-09-20,5.941619033333334
2012-09-21,5.9145238
2012-09-22,5.600142833333334
2012-09-23,5.299714266666667
2012-09-24,5.5704761666666665
2012-09-25,5.840714266666667
2012-09-26,5.7962857
2012-09-27,5.7659047333333335
2012-09-28,5.7277618666666665
2012-09-29,5.426999966666667
2012-09-30,5.135047599999999
2012-10-01,5.3950476
2012-10-02,5.663857133333333
2012-10-03,5.941904766666666
2012-10-04,5.964047633333334
2012-10-05,6.018619066666667
2012-10-06,5.7538095333333334
2012-10-07,5.483904766666667
2012-10-08,5.823857133333334
2012-10-09,6.1519523666666664
2012-10-10,6.197142866666667
2012-10-11,6.249523833333333
2012-10-12,6.289047633333334
2012-10-13,6.0182381000000005
2012-10-14,5.7396666666666665
2012-10-15,6.049904766666667
2012-10-16,6.358952400000001
2012-10-17,6.3924286
2012-10-18,6.445761933333333
2012-10-19,6.495523833333333
2012-10-20,6.226857166666666
2012-10-21,5.943857166666666
2012-10-22,6.250333366666666
2012-10-23,6.570809566666666
2012-10-24,6.575571466666667
2012-10-25,6.591285733333334
2012-10-26,6.627285733333333
2012-10-27,6.361285733333333
2012-10-28,6.099190500000001
2012-10-29,6.099190500000001
2012-10-30,6.099190500000001
2012-10-31,6.1554286
2012-11-01,6.257333366666666
2012-11-02,6.347142866666667
2012-11-03,6.0488095333333325
2012-11-04,5.7294762
2012-11-05,6.084571433333334
2012-11-06,6.4515238
2012-11-07,6.4755238
2012-11-08,6.519571433333334
2012-11-09,6.5694761999999995
2012-11-10,6.250904766666666
2012-11-11,5.937571433333333
2012-11-12,6.3137619
2012-11-13,6.684428566666666
2012-11-14,6.755142833333333
2012-11-15,6.827571399999999
2012-11-16,6.9002857
2012-11-17,6.574142833333334
2012-11-18,6.2541904666666674
2012-11-19,6.644714266666667
2012-11-20,7.032857133333334
2012-11-21,7.119238066666667
2012-11-22,6.798761866666667
2012-11-23,6.920428533333333
2012-11-24,6.6344761666666665
2012-11-25,6.341380933333332
2012-11-26,6.734714266666667
2012-11-27,7.125333299999999
2012-11-28,7.519380933333333
2012-11-29,7.911714266666666
2012-11-30,7.9788095
2012-12-01,7.6080952
2012-12-02,7.240238066666667
2012-12-03,7.629999966666667
2012-12-04,7.9895714
2012-12-05,8.046857133333333
2012-12-06,8.071333333333333
2012-12-07,8.127714300000001
2012-12-08,7.755571433333333
2012-12-09,7.3921904666666665
2012-12-10,7.801714266666667
2012-12-11,8.207904733333333
2012-12-12,8.242523799999999
2012-12-13,8.304476166666666
2012-12-14,8.3648095
2012-12-15,7.9833333
2012-12-16,7.596285666666666
2012-12-17,8.038999966666667
2012-12-18,8.491238066666666
2012-12-19,8.560714266666668
2012-12-20,8.621761866666667
2012-12-21,8.667238066666666
2012-12-22,8.667238066666666
2012-12-23,8.2700476
2012-12-24,8.706047600000002
2012-12-25,8.706047600000002
2012-12-26,8.7405238
2012-12-27,8.781285733333334
2012-12-28,8.814857133333334
2012-12-29,8.4225238
2012-12-30,8.039190466666666
2012-12-31,8.4648095
2013-01-01,8.4648095
2013-01-02,8.528428566666667
2013-01-03,8.6068095
2013-01-04,8.654142833333333
2013-01-05,8.262714266666666
2013-01-06,7.842380933333334
2013-01-07,8.301380933333332
2013-01-08,8.777619033333334
2013-01-09,8.830571433333334
2013-01-10,8.884238100000001
2013-01-11,8.940952366666666
2013-01-12,8.508333333333333
2013-01-13,8.067047633333333
2013-01-14,8.547952400000002
2013-01-15,9.038523833333333
2013-01-16,9.080666666666668
2013-01-17,9.0955238
2013-01-18,9.1135238
2013-01-19,8.664333333333333
2013-01-20,8.225999999999999
2013-01-21,8.225999999999999
2013-01-22,8.700523800000001
2013-01-23,8.727047599999999
2013-01-24,9.412714266666667
2013-01-25,9.678571366666665
2013-01-26,9.2471904
2013-01-27,8.819571366666667
2013-01-28,9.641047533333333
2013-01-29,10.394047533333332
2013-01-30,10.794571366666666
2013-01-31,11.590285666666666
2013-02-01,11.946428466666667
2013-02-02,11.5084761
2013-02-03,11.0487618
2013-02-04,11.823904666666666
2013-02-05,12.644761766666667
2013-02-06,13.0190951
2013-02-07,13.427380766666666
2013-02-08,13.830333099999999
2013-02-09,13.370475966666667
2013-02-10,12.902952166666667
2013-02-11,13.755237866666667
2013-02-12,14.615523566666667
2013-02-13,14.996047366666666
2013-02-14,15.397333066666668
2013-02-15,15.810428333333332
2013-02-16,15.343333099999999
2013-02-17,14.865333099999999
2013-02-18,14.865333099999999
2013-02-19,15.774856866666669
2013-02-20,16.715714000000002
2013-02-21,17.126904466666666
2013-02-22,17.539237800000002
2013-02-23,16.853571133333332
2013-02-24,16.1599045
2013-02-25,17.02176166666667
2013-02-26,17.881761633333333
2013-02-27,17.93447593333333
2013-02-28,18.056761666666667
2013-03-01,18.121618800000004
2013-03-02,17.3259045
2013-03-03,16.51638073333333
2013-03-04,17.414856966666665
2013-03-05,18.294237966666667
2013-03-06,18.386476066666667
2013-03-07,18.42276186666667
2013-03-08,18.458238033333334
2013-03-09,17.57371426666667
2013-03-10,16.708285733333334
2013-03-11,17.584476166666665
2013-03-12,18.438571366666668
2013-03-13,18.478666633333333
2013-03-14,18.535952366666667
2013-03-15,18.575714233333333
2013-03-16,17.6838571
2013-03-17,16.7859047
2013-03-18,17.649618966666665
2013-03-19,18.535333233333336
2013-03-20,19.4049523
2013-03-21,19.363999933333336
2013-03-22,19.295047566666668
2013-03-23,18.409333300000004
2013-03-24,17.534476166666668
2013-03-25,18.403190433333336
2013-03-26,19.279380866666667
2013-03-27,19.32057133333333
2013-03-28,19.368904699999998
2013-03-29,18.494714233333333
2013-03-30,17.6194285
2013-03-31,16.7284285
2013-04-01,17.63771416666667
2013-04-02,18.513428466666667
2013-04-03,18.45804743333333
2013-04-04,18.375666433333333
2013-04-05,18.286952166666666
2013-04-06,17.42980926666667
2013-04-07,16.560999766666665
2013-04-08,17.350666466666667
2013-04-09,18.1291903
2013-04-10,18.052999866666667
2013-04-11,18.002857
2013-04-12,17.95328556666667
2013-04-13,17.035714133333332
2013-04-14,16.1345237
2013-04-15,16.970523699999998
2013-04-16,17.803714166666666
2013-04-17,17.770190366666668
2013-04-18,17.698761833333332
2013-04-19,17.617238
2013-04-20,16.7486666
2013-04-21,15.876761833333335
2013-04-22,16.665904700000002
2013-04-23,17.69242846666667
2013-04-24,17.85990466666667
2013-04-25,18.016952333333332
2013-04-26,18.147238033333334
2013-04-27,17.2389047
2013-04-28,17.2389047
2013-04-29,18.270380900000003
2013-04-30,19.292285666666668
2013-05-01,19.411190499999996
2013-05-02,19.55090473333333
2013-05-03,19.735333333333337
2013-05-04,18.938333333333333
2013-05-05,18.159666633333334
2013-05-06,19.157904766666665
2013-05-07,20.152095233333334
2013-05-08,20.338285700000004
2013-05-09,20.5503809
2013-05-10,20.7809047
2013-05-11,19.97695236666667
2013-05-12,19.134142833333332
2013-05-13,20.1682857
2013-05-14,21.273000033333336
2013-05-15,21.577333333333335
2013-05-16,21.920095266666667
2013-05-17,22.225761933333334
2013-05-18,21.4114762
2013-05-19,20.62338096666667
2013-05-20,21.758809600000003
2013-05-21,22.901857200000002
2013-05-22,23.228904800000002
2013-05-23,23.277143000000002
2013-05-24,23.313476299999998
2013-05-25,22.2802382
2013-05-26,21.246904866666668
2013-05-27,21.246904866666668
2013-05-28,22.350476300000004
2013-05-29,22.34066676666667
2013-05-30,22.347476299999997
2013-05-31,22.391857233333333
2013-06-01,21.3764287
2013-06-02,20.348904899999997
2013-06-03,21.430095400000003
2013-06-04,22.4782859
2013-06-05,22.542857333333338
2013-06-06,22.606381133333333
2013-06-07,22.6716668
2013-06-08,21.681047766666666
2013-06-09,20.650523966666665
2013-06-10,21.7125716
2013-06-11,22.749952566666664
2013-06-12,22.7435716
2013-06-13,22.6292858
2013-06-14,22.5116668
2013-06-15,21.335714400000004
2013-06-16,20.199857266666665
2013-06-17,21.2738573
2013-06-18,22.370238299999997
2013-06-19,22.320524
2013-06-20,22.2701907
2013-06-21,22.225666966666665
2013-06-22,21.150905
2013-06-23,20.078381233333335
2013-06-24,21.09266696666667
2013-06-25,22.102047933333335
2013-06-26,23.123714600000003
2013-06-27,23.0340003
2013-06-28,23.032667
2013-06-29,22.003952700000003
2013-06-30,20.93138126666667
2013-07-01,21.94861936666667
2013-07-02,23.021143133333336
2013-07-03,22.9976669
2013-07-04,21.9494764
2013-07-05,21.944238233333333
2013-07-06,20.88652396666667
2013-07-07,19.845381133333333
2013-07-08,20.926238233333333
2013-07-09,22.0454764
2013-07-10,22.152714466666666
2013-07-11,22.296285833333336
2013-07-12,22.439143
2013-07-13,21.448714466666665
2013-07-14,20.426000166666665
2013-07-15,21.661238299999997
2013-07-16,22.886428766666665
2013-07-17,23.056428733333334
2013-07-18,23.247238233333338
2013-07-19,23.435000066666664
2013-07-20,22.342285766666667
2013-07-21,21.270619033333332
2013-07-22,22.541333333333334
2013-07-23,23.738476266666666
2013-07-24,23.9133334
2013-07-25,24.049476266666666
2013-07-26,24.1926667
2013-07-27,23.178809566666665
2013-07-28,22.1584762
2013-07-29,23.330190466666668
2013-07-30,24.498761933333334
2013-07-31,24.6406191
2013-08-01,24.742095366666668
2013-08-02,24.871714400000005
2013-08-03,24.871714400000005
2013-08-04,23.814143
2013-08-05,24.975619266666666
2013-08-06,26.184905
2013-08-07,26.315286
2013-08-08,26.395428833333334
2013-08-09,26.416571666666666
2013-08-10,25.235619333333332
2013-08-11,24.06500026666667
2013-08-12,25.261571733333334
2013-08-13,26.49323843333333
2013-08-14,26.488000366666668
2013-08-15,26.496143233333335
2013-08-16,26.457905066666665
2013-08-17,25.170714566666668
2013-08-18,23.8972384
2013-08-19,25.125809833333335
2013-08-20,26.377857433333336
2013-08-21,26.406619366666668
2013-08-22,26.5071908
2013-08-23,26.6040003
2013-08-24,25.458476466666664
2013-08-25,24.293619366666668
2013-08-26,25.6084289
2013-08-27,26.9377146
2013-08-28,27.0929527
2013-08-29,27.276905033333332
2013-08-30,27.490428766666664
2013-08-31,26.316428733333332
2013-09-01,25.12909543333333
2013-09-02,25.12909543333333
2013-09-03,26.497809699999998
2013-09-04,26.711761966666668
2013-09-05,26.915809633333332
2013-09-06,27.115666700000002
2013-09-07,25.9162857
2013-09-08,24.725857166666668
2013-09-09,26.119904833333333
2013-09-10,27.536571499999997
2013-09-11,27.834000033333332
2013-09-12,28.039666633333336
2013-09-13,28.247761799999996
2013-09-14,27.014428466666665
2013-09-15,25.808666633333335
2013-09-16,27.28485706666667
2013-09-17,28.72314276666667
2013-09-18,28.9181904
2013-09-19,29.134571333333334
2013-09-20,29.291476066666668
2013-09-21,27.9937617
2013-09-22,26.707809333333334
2013-09-23,28.233476
2013-09-24,29.668237933333334
2013-09-25,29.821047466666663
2013-09-26,29.958618899999998
2013-09-27,30.1114761
2013-09-28,28.7589523
2013-09-29,27.3863333
2013-09-30,28.851666599999998
2013-10-01,30.3505714
2013-10-02,31.884333266666665
2013-10-03,32.091857133333335
2013-10-04,32.257762
2013-10-05,30.8444286
2013-10-06,29.433333433333335
2013-10-07,30.976381033333332
2013-10-08,32.496809633333335
2013-10-09,32.5324286
2013-10-10,32.54909526666667
2013-10-11,32.504190533333336
2013-10-12,31.066857233333334
2013-10-13,29.628762000000002
2013-10-14,31.1078572
2013-10-15,32.655952400000004
2013-10-16,32.7040953
2013-10-17,32.8001429
2013-10-18,32.967000066666664
2013-10-19,31.498571533333333
2013-10-20,30.042190566666665
2013-10-21,31.675142933333333
2013-10-22,33.522
2013-10-23,33.507380966666666
2013-10-24,33.65090476666667
2013-10-25,33.75947613333334
2013-10-26,32.292619
2013-10-27,30.81280943333333
2013-10-28,32.3604761
2013-10-29,33.87747603333333
2013-10-30,33.97747603333333
2013-10-31,33.99338076666667
2013-11-01,34.0254761
2013-11-02,32.449237966666665
2013-11-03,30.907904566666666
2013-11-04,32.483856966666664
2013-11-05,34.08166643333333
2013-11-06,34.1552378
2013-11-07,34.249094866666674
2013-11-08,34.37619016666667
2013-11-09,32.94285683333333
2013-11-10,31.493761566666663
2013-11-11,33.07828533333333
2013-11-12,34.6791425
2013-11-13,34.786809166666664
2013-11-14,34.837714
2013-11-15,34.9543331
2013-11-16,33.4199998
2013-11-17,31.82952356666667
2013-11-18,33.49619023333334
2013-11-19,35.1189046
2013-11-20,35.120952200000005
2013-11-21,34.903809466666665
2013-11-22,35.053857
2013-11-23,33.47557126666666
2013-11-24,31.899380833333332
2013-11-25,33.55128563333333
2013-11-26,35.2203333
2013-11-27,35.3731904
2013-11-28,33.85619046666667
2013-11-29,34.024428533333335
2013-11-30,32.509619
2013-12-01,30.9437618
2013-12-02,32.681285566666666
2013-12-03,34.40457123333333
2013-12-04,34.54571403333333
2013-12-05,34.65171406666666
2013-12-06,34.75433326666666
2013-12-07,33.1400476
2013-12-08,31.58328566666667
2013-12-09,33.27457136666667
2013-12-10,34.965047600000005
2013-12-11,35.11561903333333
2013-12-12,35.2465238
2013-12-13,35.4509524
2013-12-14,33.851952366666666
2013-12-15,32.21099993333333
2013-12-16,33.97280946666667
2013-12-17,35.71923803333333
2013-12-18,35.832857
2013-12-19,35.99204736666666
2013-12-20,36.1499045
2013-12-21,34.520190166666666
2013-12-22,32.859095
2013-12-23,34.66238073333333
2013-12-24,36.47552363333333
2013-12-25,34.82361883333333
2013-12-26,34.955094933333335
2013-12-27,35.05033303333333
2013-12-28,35.05033303333333
2013-12-29,33.316761666666665
2013-12-30,35.067333100000006
2013-12-31,36.80780933333334
2014-01-01,35.07028556666666
2014-01-02,35.093714166666665
2014-01-03,35.1099523
2014-01-04,33.406142800000005
2014-01-05,31.68690463333333
2014-01-06,33.416571266666665
2014-01-07,35.07271406666666
2014-01-08,34.984904566666664
2014-01-09,34.92190456666666
2014-01-10,34.79666653333333
2014-01-11,33.0649046
2014-01-12,31.273714133333335
2014-01-13,32.850523700000004
2014-01-14,34.47642843333333
2014-01-15,34.309857
2014-01-16,34.127285566666664
2014-01-17,33.92828566666667
2014-01-18,32.14638093333333
2014-01-19,30.35352383333333
2014-01-20,30.35352383333333
2014-01-21,31.9355715
2014-01-22,31.701333433333332
2014-01-23,31.73295243333333
2014-01-24,33.56000003333334
2014-01-25,31.75947626666667
2014-01-26,29.963714400000004
2014-01-27,31.80842876666667
2014-01-28,33.624238266666666
2014-01-29,33.793285833333336
2014-01-30,33.99138103333333
2014-01-31,35.90714296666667
2014-02-01,34.160428700000004
2014-02-02,32.42709536666667
2014-02-03,34.38852393333333
2014-02-04,36.31923823333333
2014-02-05,36.509333500000004
2014-02-06,36.78852406666667
2014-02-07,37.153809833333334
2014-02-08,35.5263336
2014-02-09,33.91647643333333
2014-02-10,35.96138113333333
2014-02-11,38.008809633333335
2014-02-12,38.50238096666667
2014-02-13,38.903571533333334
2014-02-14,39.389571466666666
2014-02-15,37.82571433333333
2014-02-16,36.2444286
2014-02-17,36.2444286
2014-02-18,38.32519043333333
2014-02-19,40.38076193333333
2014-02-20,40.84800003333334
2014-02-21,41.368
2014-02-22,39.5232381
2014-02-23,37.69619050000001
2014-02-24,39.76985713333333
2014-02-25,41.91271423333333
2014-02-26,42.23895223333333
2014-02-27,42.55571413333334
2014-02-28,42.79385703333334
2014-03-01,40.8552856
2014-03-02,38.93952366666667
2014-03-03,41.0404284
2014-03-04,43.187666566666664
2014-03-05,43.3880951
2014-03-06,43.62376186666667
2014-03-07,43.866238033333325
2014-03-08,41.930904666666656
2014-03-09,39.962142699999994
2014-03-10,42.097714233333335
2014-03-11,44.2055238
2014-03-12,44.22576193333334
2014-03-13,44.27219063333334
2014-03-14,44.23861926666667
2014-03-15,42.21152396666667
2014-03-16,40.13028593333333
2014-03-17,42.16928586666666
2014-03-18,44.180571533333335
2014-03-19,46.179952533333335
2014-03-20,46.0976193
2014-03-21,46.07109543333333
2014-03-22,44.02180966666666
2014-03-23,41.93276203333333
2014-03-24,43.8636668
2014-03-25,45.6684287
2014-03-26,45.371000200000005
2014-03-27,44.994857466666666
2014-03-28,44.5392384
2014-03-29,42.406667
2014-03-30,40.248905099999995
2014-03-31,41.97038133333333
2014-04-01,43.64538133333333
2014-04-02,43.28571473333333
2014-04-03,42.85909563333334
2014-04-04,42.3898576
2014-04-05,40.22347653333333
2014-04-06,38.061238466666666
2014-04-07,39.682714700000005
2014-04-08,41.302000400000004
2014-04-09,40.83800033333333
2014-04-10,40.41819073333333
2014-04-11,39.92828593333333
2014-04-12,37.834428733333326
2014-04-13,35.79761919999999
2014-04-14,37.38280966666666
2014-04-15,38.9498573
2014-04-16,38.48728596666667
2014-04-17,38.0796193
2014-04-18,36.0802383
2014-04-19,34.0818097
2014-04-20,32.052762066666666
2014-04-21,33.716095466666665
2014-04-22,35.5095717
2014-04-23,35.30595256666666
2014-04-24,35.1797621
2014-04-25,35.01047636666667
2014-04-26,33.243762
2014-04-27,31.5284287
2014-04-28,33.04295253333333
2014-04-29,34.529809633333336
2014-04-30,34.32223823333334
2014-05-01,34.190333499999994
2014-05-02,34.05628583333333
2014-05-03,32.33566676666666
2014-05-04,30.6430477
2014-05-05,32.25290486666667
2014-05-06,33.889666733333335
2014-05-07,33.8211905
2014-05-08,33.7121905
2014-05-09,33.574333333333335
2014-05-10,31.88633336666667
2014-05-11,30.311095333333334
2014-05-12,31.8866191
2014-05-13,33.526857166666666
2014-05-14,33.59428573333334
2014-05-15,33.6979524
2014-05-16,33.766619
2014-05-17,32.163
2014-05-18,32.163
2014-05-19,33.815380999999995
2014-05-20,35.553523899999995
2014-05-21,35.67647616666667
2014-05-22,35.744333266666665
2014-05-23,35.88199996666666
2014-05-24,34.20342853333333
2014-05-25,32.59647613333333
2014-05-26,32.59647613333333
2014-05-27,34.5107618
2014-05-28,34.8876666
2014-05-29,35.32176186666666
2014-05-30,35.78490463333333
2014-05-31,34.241809366666665
2014-06-01,32.6346189
2014-06-02,34.632142666666674
2014-06-03,36.63209496666666
2014-06-04,37.00680926666667
2014-06-05,37.387904500000005
2014-06-06,37.882571166666665
2014-06-07,36.37228546666666
2014-06-08,34.83857116666666
2014-06-09,36.88380926666667
2014-06-10,38.91009493333333
2014-06-11,39.359475933333336
2014-06-12,39.76242836666667
2014-06-13,40.124095000000004
2014-06-14,38.453380700000004
2014-06-15,36.808285500000004
2014-06-16,38.839380766666665
2014-06-17,40.9252856
2014-06-18,41.38561886666667
2014-06-19,41.787618800000004
2014-06-20,42.10228553333334
2014-06-21,40.2409522
2014-06-22,38.37599986666667
2014-06-23,40.468190299999996
2014-06-24,42.554142666666664
2014-06-25,44.625571233333325
2014-06-26,44.81028560000001
2014-06-27,45.00609503333333
2014-06-28,43.08514266666667
2014-06-29,41.10809506666667
2014-06-30,43.21695216666667
2014-07-01,45.38947593333333
2014-07-02,45.64661879999999
2014-07-03,45.8855235
2014-07-04,43.900952033333326
2014-07-05,41.88309493333333
2014-07-06,39.83542826666667
2014-07-07,42.08352346666667
2014-07-08,44.27233293333334
2014-07-09,44.35176156666667
2014-07-10,44.3939997
2014-07-11,44.471285466666664
2014-07-12,42.42809496666666
2014-07-13,40.4138093
2014-07-14,42.52476166666666
2014-07-15,44.6709045
2014-07-16,44.802047300000005
2014-07-17,44.8269996
2014-07-18,44.813380599999995
2014-07-19,42.673237766666674
2014-07-20,40.57228536666666
2014-07-21,42.7231902
2014-07-22,44.832618733333334
2014-07-23,44.78999976666667
2014-07-24,44.7491426
2014-07-25,44.7015236
2014-07-26,42.60252356666667
2014-07-27,40.5152855
2014-07-28,42.525809366666664
2014-07-29,44.5410951
2014-07-30,44.454857
2014-07-31,44.33119036666667
2014-08-01,44.08490476666667
2014-08-02,41.846047766666665
2014-08-03,41.846047766666665
2014-08-04,43.8803335
2014-08-05,45.886524
2014-08-06,45.6431907
2014-08-07,45.5272384
2014-08-08,45.54638116666667
2014-08-09,43.47785736666666
2014-08-10,41.375666833333334
2014-08-11,43.5148097
2014-08-12,45.664095333333336
2014-08-13,45.689333500000004
2014-08-14,45.696571766666665
2014-08-15,45.68428613333333
2014-08-16,43.573429000000004
2014-08-17,41.47433373333333
2014-08-18,43.67461933333333
2014-08-19,45.8988574
2014-08-20,45.97176213333333
2014-08-21,46.106524066666665
2014-08-22,46.2995241
2014-08-23,44.2544289
2014-08-24,42.23061933333334
2014-08-25,44.52371446666667
2014-08-26,46.8022858
2014-08-27,47.0746192
2014-08-28,47.31004783333333
2014-08-29,47.55814313333333
2014-08-30,45.509285999999996
2014-08-31,43.50090496666667
2014-09-01,43.50090496666667
2014-09-02,45.779476300000006
2014-09-03,46.033381033333335
2014-09-04,46.30866663333334
2014-09-05,46.557380933333334
2014-09-06,44.48452376666667
2014-09-07,42.340714266666666
2014-09-08,44.59976196666666
2014-09-09,46.91547623333334
2014-09-10,47.062999966666666
2014-09-11,47.211666599999994
2014-09-12,47.378571300000004
2014-09-13,45.22519020000001
2014-09-14,43.07523776666667
2014-09-15,45.3492378
2014-09-16,47.484475933333336
2014-09-17,47.45995226666667
2014-09-18,47.41414283333334
2014-09-19,47.38557126666667
2014-09-20,45.1413808
2014-09-21,42.8988093
2014-09-22,45.071523533333334
2014-09-23,47.17261873333334
2014-09-24,46.9959998
2014-09-25,46.859809500000004
2014-09-26,46.6959999
2014-09-27,44.44528553333334
2014-09-28,42.17457123333334
2014-09-29,44.2891903
2014-09-30,46.442999900000004
2014-10-01,48.579618966666665
2014-10-02,48.391047666666665
2014-10-03,48.260904933333336
2014-10-04,45.97942883333334
2014-10-05,43.725952633333335
2014-10-06,45.92595263333333
2014-10-07,48.12166693333334
2014-10-08,48.03714316666667
2014-10-09,47.94347656666666
2014-10-10,47.846333800000004
2014-10-11,45.548381533333334
2014-10-12,43.2452863
2014-10-13,45.39409586666667
2014-10-14,47.5155721
2014-10-15,47.3580958
2014-10-16,46.8072862
2014-10-17,46.3449052
2014-10-18,44.16647656666667
2014-10-19,41.97123856666666
2014-10-20,43.66647666666667
2014-10-21,45.391524366666665
2014-10-22,44.97590533333334
2014-10-23,44.68681016666666
2014-10-24,44.39214346666667
2014-10-25,42.24976243333333
2014-10-26,40.130714766666664
2014-10-27,41.95881
2014-10-28,43.76714333333334
2014-10-29,43.49166713333333
2014-10-30,43.1355242
2014-10-31,42.8293814
2014-11-01,40.73938136666666
2014-11-02,38.58133363333333
2014-11-03,40.4538574
2014-11-04,42.29633353333333
2014-11-05,41.932571633333325
2014-11-06,41.53685733333334
2014-11-07,41.188238133333336
2014-11-08,38.966190466666674
2014-11-09,36.776666633333335
2014-11-10,38.6004762
2014-11-11,40.4446191
2014-11-12,40.110714333333334
2014-11-13,39.81999993333333
2014-11-14,39.510047666666665
2014-11-15,37.925619133333335
2014-11-16,36.2122382
2014-11-17,38.0473811
2014-11-18,39.861666766666666
2014-11-19,39.9912382
2014-11-20,39.99519046666667
2014-11-21,40.0118096
2014-11-22,38.199809566666666
2014-11-23,36.37800006666667
2014-11-24,38.09495246666667
2014-11-25,39.76647626666667
2014-11-26,39.61019053333333
2014-11-27,37.80185719999999
2014-11-28,37.6464762
2014-11-29,35.84880953333333
2014-11-30,34.018333266666666
2014-12-01,35.661190366666666
2014-12-02,37.2864284
2014-12-03,37.08795223333333
2014-12-04,36.926428433333335
2014-12-05,36.76176180000001
2014-12-06,34.961761800000005
2014-12-07,33.13585706666667
2014-12-08,34.798571333333335
2014-12-09,36.39257133333333
2014-12-10,36.202809333333335
2014-12-11,35.95909496666666
2014-12-12,35.72476166666667
2014-12-13,33.89399983333333
2014-12-14,32.08742836666667
2014-12-15,33.689285500000004
2014-12-16,35.236856933333335
2014-12-17,34.9142378
2014-12-18,34.713285533333334
2014-12-19,34.48514273333333
2014-12-20,32.75614276666666
2014-12-21,30.982428433333332
2014-12-22,32.600523700000004
2014-12-23,34.21009516666666
2014-12-24,34.09557133333333
2014-12-25,32.42404753333333
2014-12-26,32.380380966666664
2014-12-27,32.380380966666664
2014-12-28,30.696619100000003
2014-12-29,32.29561913333334
2014-12-30,33.919428700000005
2014-12-31,33.91100013333333
2015-01-01,32.2857621
2015-01-02,32.25009543333333
2015-01-03,30.5691431
2015-01-04,28.89757163333333
2015-01-05,30.539524033333336
2015-01-06,32.117762066666664
2015-01-07,32.03328583333333
2015-01-08,32.00995246666667
2015-01-09,31.963619166666668
2015-01-10,30.363190633333332
2015-01-11,28.782619133333334
2015-01-12,30.3522858
2015-01-13,31.88633336666667
2015-01-14,31.853523900000003
2015-01-15,31.857523866666668
2015-01-16,31.906904866666665
2015-01-17,30.293571466666666
2015-01-18,28.696904733333334
2015-01-19,28.696904733333334
2015-01-20,30.315952400000004
2015-01-21,30.67233336666667
2015-01-22,31.0151429
2015-01-23,31.4456667
2015-01-24,31.4456667
2015-01-25,29.817523766666667
2015-01-26,31.9032381
2015-01-27,34.00614286666667
2015-01-28,34.565190566666665
2015-01-29,35.048190500000004
2015-01-30,35.51819056666667
2015-01-31,35.51819056666667
2015-02-01,33.87980963333334
2015-02-02,35.97457153333333
2015-02-03,38.085238200000006
2015-02-04,38.61133340000001
2015-02-05,39.18447630000001
2015-02-06,39.74790493333333
2015-02-07,38.1772383
2015-02-08,36.58952403333333
2015-02-09,38.696143033333335
2015-02-10,40.81147633333333
2015-02-11,41.402809733333335
2015-02-12,42.0373812
2015-02-13,42.649286
2015-02-14,41.0977146
2015-02-15,39.53580983333333
2015-02-16,39.53580983333333
2015-02-17,41.7530004
2015-02-18,43.98709566666666
2015-02-19,44.62995266666667
2015-02-20,44.92047633333333
2015-02-21,42.96809533333333
2015-02-22,40.93514296666667
2015-02-23,43.21180973333333
2015-02-24,45.4575716
2015-02-25,45.6320954
2015-02-26,45.81671453333333
2015-02-27,45.9613811
2015-02-28,43.85457159999999
2015-03-01,41.750142999999994
2015-03-02,44.00728589999999
2015-03-03,46.2854287
2015-03-04,46.44166676666667
2015-03-05,46.578619233333335
2015-03-06,46.632000299999994
2015-03-07,44.480619366666666
2015-03-08,42.3389527
2015-03-09,44.50528596666666
2015-03-10,46.60580973333333
2015-03-11,46.57385746666667
2015-03-12,46.57009553333333
2015-03-13,46.53933356666666
2015-03-14,44.37071453333333
2015-03-15,42.18976206666666
2015-03-16,44.24133346666667
2015-03-17,46.231762
2015-03-18,48.2230477
2015-03-19,48.02119043333333
2015-03-20,47.8316666
2015-03-21,45.56976193333333
2015-03-22,43.30476203333333
2015-03-23,45.33442866666667
2015-03-24,47.37228583333333
2015-03-25,47.18509519999999
2015-03-26,46.92695236666667
2015-03-27,46.64438096666667
2015-03-28,44.35685706666666
2015-03-29,42.05414276666667
2015-03-30,44.04466656666667
2015-03-31,46.04833326666667
2015-04-01,45.7792856
2015-04-02,45.470190466666665
2015-04-03,43.219190499999996
2015-04-04,40.971571366666666
2015-04-05,38.7501427
2015-04-06,40.709095033333334
2015-04-07,42.72566646666667
2015-04-08,42.59938076666666
2015-04-09,42.598856999999995
2015-04-10,42.670761633333335
2015-04-11,40.55919026666667
2015-04-12,38.428952166666676
2015-04-13,40.67028543333334
2015-04-14,42.96552343333334
2015-04-15,43.204094866666665
2015-04-16,43.74699966666666
2015-04-17,44.414999699999996
2015-04-18,42.3996664
2015-04-19,40.35509496666666
2015-04-20,43.08128539999999
2015-04-21,45.78909483333333
2015-04-22,46.433142399999994
2015-04-23,47.050475766666665
2015-04-24,47.63342826666667
2015-04-25,45.64580923333333
2015-04-26,43.6681425
2015-04-27,46.344570966666666
2015-04-28,49.030904166666666
2015-04-29,49.709380366666664
2015-04-30,50.38028513333334
2015-05-01,51.054047
2015-05-02,49.084999333333336
2015-05-03,49.084999333333336
2015-05-04,51.7373802
2015-05-05,54.44533256666667
2015-05-06,55.187332633333334
2015-05-07,55.84123746666667
2015-05-08,56.50257083333334
2015-05-09,54.402570833333336
2015-05-10,52.255999466666665
2015-05-11,55.00014236666666
2015-05-12,57.793761399999994
2015-05-13,58.332571099999996
2015-05-14,58.81352353333333
2015-05-15,59.4021903
2015-05-16,56.86885696666666
2015-05-17,54.209571233333335
2015-05-18,57.12771420000001
2015-05-19,60.090666633333335
2015-05-20,60.30495243333334
2015-05-21,60.566523966666665
2015-05-22,60.8654289
2015-05-23,58.210238366666665
2015-05-24,55.53780973333333
2015-05-25,55.53780973333333
2015-05-26,58.500285833333336
2015-05-27,58.7619527
2015-05-28,59.066095733333334
2015-05-29,59.37952423333333
2015-05-30,56.704952766666665
2015-05-31,54.043095666666666
2015-06-01,57.00433376666667
2015-06-02,59.9613813
2015-06-03,60.2837624
2015-06-04,60.52176239999999
2015-06-05,60.79461956666667
2015-06-06,58.1241433
2015-06-07,55.42276236666667
2015-06-08,58.44657193333333
2015-06-09,61.4243816
2015-06-10,61.79342916666667
2015-06-11,62.22947676666667
2015-06-12,62.6131908
2015-06-13,59.837000366666665
2015-06-14,56.95819076666667
2015-06-15,60.05342876666667
2015-06-16,63.194857400000004
2015-06-17,63.4478097
2015-06-18,63.63990486666667
2015-06-19,63.90752393333333
2015-06-20,60.93814296666667
2015-06-21,57.965523833333336
2015-06-22,61.13361896666667
2015-06-23,64.34480950000001
2015-06-24,67.6786189
2015-06-25,67.89885713333334
2015-06-26,68.13742856666667
2015-06-27,65.14695233333333
2015-06-28,62.164523833333334
2015-06-29,65.2147143
2015-06-30,68.32661896666667
2015-07-01,68.52557143333334
2015-07-02,68.70180966666666
2015-07-03,65.7270477
2015-07-04,62.78109533333334
2015-07-05,59.80728576666667
2015-07-06,62.923047600000004
2015-07-07,66.0901428
2015-07-08,66.1820475
2015-07-09,66.36757123333334
2015-07-10,66.50514270000001
2015-07-11,63.27547606666667
2015-07-12,60.11161906666667
2015-07-13,63.381571466666664
2015-07-14,66.75728583333334
2015-07-15,66.99438119999999
2015-07-16,67.55361913333334
2015-07-17,68.29385706666667
2015-07-18,65.13880946666667
2015-07-19,61.93071416666667
2015-07-20,65.7540474
2015-07-21,69.42771403333333
2015-07-22,69.99761886666667
2015-07-23,70.48342846666667
2015-07-24,70.8679525
2015-07-25,67.68523816666666
2015-07-26,64.5085714
2015-07-27,68.10157143333333
2015-07-28,71.67790480000001
2015-07-29,72.1887144
2015-07-30,72.62347646666667
2015-07-31,73.19495246666665
2015-08-01,70.06166669999999
2015-08-02,70.06166669999999
2015-08-03,73.88166663333332
2015-08-04,77.65333336666666
2015-08-05,78.72490496666666
2015-08-06,79.76747646666668
2015-08-07,80.86576213333333
2015-08-08,77.70242873333333
2015-08-09,74.45166680000001
2015-08-10,78.65466666666667
2015-08-11,82.65500006666667
2015-08-12,83.4340477
2015-08-13,84.09133326666667
2015-08-14,84.9243332
2015-08-15,81.22366663333334
2015-08-16,77.31233343333334
2015-08-17,81.41700006666666
2015-08-18,85.59233346666666
2015-08-19,85.88566689999999
2015-08-20,86.2053337
2015-08-21,86.00733363333333
2015-08-22,82.3103335
2015-08-23,78.59200006666667
2015-08-24,81.5503334
2015-08-25,85.14200006666667
2015-08-26,85.12066676666667
2015-08-27,85.3756668
2015-08-28,85.693
2015-08-29,82.14633326666666
2015-08-30,78.4146667
2015-08-31,82.25599996666666
2015-09-01,85.9009999
2015-09-02,85.72466656666667
2015-09-03,85.3759999
2015-09-04,84.4569999
2015-09-05,80.24733319999999
2015-09-06,76.03333326666666
2015-09-07,76.03333326666666
2015-09-08,79.43599999999999
2015-09-09,78.45000019999999
2015-09-10,77.76366673333332
2015-09-11,77.00033336666667
2015-09-12,72.96733343333334
2015-09-13,68.80200013333334
2015-09-14,72.03
2015-09-15,75.20400003333333
2015-09-16,74.42266663333334
2015-09-17,73.70299983333332
2015-09-18,72.98633316666665
2015-09-19,68.99299973333333
2015-09-20,65.45299983333334
2015-09-21,68.89633326666667
2015-09-22,72.17266663333334
2015-09-23,72.5009999
2015-09-24,72.14633326666667
2015-09-25,72.08466663333334
2015-09-26,68.25333323333332
2015-09-27,64.37499996666666
2015-09-28,67.76066663333333
2015-09-29,71.08166653333333
2015-09-30,70.57066673333334
2015-10-01,70.35600026666667
2015-10-02,70.1460004
2015-10-03,66.72300033333333
2015-10-04,63.4546669
2015-10-05,67.03733366666667
2015-10-06,70.7150004
2015-10-07,74.34300026666666
2015-10-08,74.53833359999999
2015-10-09,75.12500023333332
2015-10-10,71.81100029999999
2015-10-11,68.52533363333332
2015-10-12,72.34033353333332
2015-10-13,76.10200013333333
2015-10-14,76.59066693333334
2015-10-15,76.8756668
2015-10-16,76.89266686666666
2015-10-17,73.43700026666667
2015-10-18,70.03700026666667
2015-10-19,73.30600026666666
2015-10-20,76.67466686666667
2015-10-21,76.5536667
2015-10-22,76.54633333333332
2015-10-23,76.51333343333334
2015-10-24,73.27633340000001
2015-10-25,69.7663333
2015-10-26,73.10133339999999
2015-10-27,76.5206668
2015-10-28,76.5650002
2015-10-29,76.7440003
2015-10-30,76.91766693333332
2015-10-31,73.48733346666667
2015-11-01,70.05366673333333
2015-11-02,73.69366663333334
2015-11-03,77.27233333333334
2015-11-04,77.36833326666667
2015-11-05,77.48233320000001
2015-11-06,77.63399996666666
2015-11-07,74.03599990000001
2015-11-08,70.23233320000001
2015-11-09,74.01099990000002
2015-11-10,77.63966660000001
2015-11-11,77.59400009999999
2015-11-12,77.58300006666667
2015-11-13,77.47766659999999
2015-11-14,74.0186667
2015-11-15,70.67833339999999
2015-11-16,74.11066676666665
2015-11-17,77.8476668
2015-11-18,78.5100002
2015-11-19,79.14966693333332
2015-11-20,79.85566693333334
2015-11-21,76.58666693333333
2015-11-22,73.33300023333332
2015-11-23,77.47633366666666
2015-11-24,81.59866693333333
2015-11-25,82.40466693333335
2015-11-26,78.98533353333332
2015-11-27,79.68366673333334
2015-11-28,76.18366673333334
2015-11-29,72.67966663333333
2015-11-30,76.88066660000001
2015-12-01,81.02966663333333
2015-12-02,81.57400003333332
2015-12-03,82.31599983333332
2015-12-04,82.87066646666666
2015-12-05,79.07899979999999
2015-12-06,75.29933316666666
2015-12-07,79.67233323333333
2015-12-08,83.72266663333333
2015-12-09,84.20066649999998
2015-12-10,84.72199979999999
2015-12-11,85.00099963333334
2015-12-12,81.25033306666666
2015-12-13,77.63899986666667
2015-12-14,81.63133309999999
2015-12-15,85.69566643333334
2015-12-16,86.2566665
2015-12-17,86.65199983333333
2015-12-18,86.7489997
2015-12-19,82.74066636666666
2015-12-20,78.71233310000001
2015-12-21,82.69599983333335
2015-12-22,86.60599993333334
2015-12-23,86.35966663333333
2015-12-24,86.17800006666667
2015-12-25,82.03699996666667
2015-12-26,82.03699996666667
2015-12-27,77.9086667
2015-12-28,81.81733343333333
2015-12-29,85.75700016666666
2015-12-30,85.5210001
2015-12-31,85.2456667
2016-01-01,81.0613334
2016-01-02,76.74066690000001
2016-01-03,72.50733356666667
2016-01-04,76.14066690000001
2016-01-05,79.82233346666666
2016-01-06,78.9590001
2016-01-07,78.78733340000001
2016-01-08,78.40833356666667
2016-01-09,74.25833356666666
2016-01-10,70.21000033333333
2016-01-11,73.9476669
2016-01-12,77.81800026666666
2016-01-13,77.64000036666668
2016-01-14,77.09733376666667
2016-01-15,76.51833366666666
2016-01-16,72.38600029999999
2016-01-17,68.35766703333333
2016-01-18,68.35766703333333
2016-01-19,71.91000036666667
2016-01-20,71.5566671
2016-01-21,71.25733366666667
2016-01-22,70.85100023333334
2016-01-23,66.91033353333333
2016-01-24,66.91033353333333
2016-01-25,70.2363335
2016-01-26,73.5610001
2016-01-27,72.87266673333333
2016-01-28,72.06099986666666
2016-01-29,71.16266663333333
2016-01-30,67.289
2016-01-31,67.289
2016-02-01,70.3486667
2016-02-02,73.5333334
2016-02-03,72.98033353333334
2016-02-04,72.28200029999999
2016-02-05,71.7133337
2016-02-06,67.834667
2016-02-07,63.95700026666667
2016-02-08,66.64266693333335
2016-02-09,69.36766693333334
2016-02-10,68.59666703333333
2016-02-11,67.6403336
2016-02-12,66.71400023333334
2016-02-13,63.1923335
2016-02-14,59.77800016666666
2016-02-15,59.77800016666666
2016-02-16,62.744666833333326
2016-02-17,65.74900006666665
2016-02-18,65.35666683333334
2016-02-19,64.7256668
2016-02-20,61.11500013333333
2016-02-21,57.62433343333334
2016-02-22,60.64933343333334
2016-02-23,63.696000166666664
2016-02-24,63.320000199999996
2016-02-25,63.03133366666667
2016-02-26,62.98766706666666
2016-02-27,59.8596672
2016-02-28,56.793000533333334
2016-02-29,59.9533338
2016-03-01,63.10600053333334
2016-03-02,63.313333899999996
2016-03-03,63.38966726666667
2016-03-04,63.601333866666664
2016-03-05,60.61800053333333
2016-03-06,57.67700043333333
2016-03-07,61.0436671
2016-03-08,64.21033376666666
2016-03-09,64.75200043333332
2016-03-10,65.2996671
2016-03-11,65.65000049999999
2016-03-12,62.73600056666667
2016-03-13,59.8480006
2016-03-14,63.08800050000001
2016-03-15,66.35033393333335
2016-03-16,69.60133390000001
2016-03-17,69.936334
2016-03-18,70.28200076666667
2016-03-19,67.12200066666666
2016-03-20,64.12266723333333
2016-03-21,67.49433396666667
2016-03-22,70.84366739999999
2016-03-23,71.14366739999998
2016-03-24,71.38500063333335
2016-03-25,68.43500063333335
2016-03-26,65.39900056666666
2016-03-27,62.2223338
2016-03-28,65.50033366666666
2016-03-29,68.86966706666666
2016-03-30,69.1976672
2016-03-31,69.4593338
2016-04-01,69.62333373333333
2016-04-02,66.36233366666667
2016-04-03,63.070333600000005
2016-04-04,66.60033366666667
2016-04-05,70.0493337
2016-04-06,70.19266713333333
2016-04-07,70.5030004
2016-04-08,70.77966716666667
2016-04-09,67.5070005
2016-04-10,64.19000043333334
2016-04-11,67.65800046666666
2016-04-12,71.09633386666668
2016-04-13,71.45633396666668
2016-04-14,71.8610006
2016-04-15,72.29800060000001
2016-04-16,68.99633383333335
2016-04-17,65.64633383333333
2016-04-18,69.30966723333333
2016-04-19,72.62600049999999
2016-04-20,72.3990003
2016-04-21,72.29333346666667
2016-04-22,72.13000006666667
2016-04-23,68.84200009999999
2016-04-24,68.84200009999999
2016-04-25,72.032
2016-04-26,75.14866666666667
2016-04-27,74.94333346666666
2016-04-28,74.62400006666667
2016-04-29,74.15233333333332
2016-04-30,70.738
2016-05-01,67.307
2016-05-02,70.3206668
2016-05-03,73.3900002
2016-05-04,72.89333346666668
2016-05-05,72.4746669
2016-05-06,71.92566686666667
2016-05-07,68.44866693333333
2016-05-08,64.94466683333333
2016-05-09,67.96900026666667
2016-05-10,71.00700023333334
2016-05-11,70.61900026666667
2016-05-12,70.19133353333334
2016-05-13,69.5043335
2016-05-14,65.83733343333333
2016-05-15,62.14933346666667
2016-05-16,65.06800006666667
2016-05-17,68.03466673333334
2016-05-18,67.313
2016-05-19,67.0020002
2016-05-20,66.8600004
2016-05-21,63.6163338
2016-05-22,60.454667199999996
2016-05-23,63.55400063333333
2016-05-24,66.75333406666667
2016-05-25,66.86333416666666
2016-05-26,67.18700079999999
2016-05-27,67.52900086666666
2016-05-28,64.47900086666667
2016-05-29,61.462334199999994
2016-05-30,61.462334199999994
2016-05-31,64.89400076666666
2016-06-01,65.2636673
2016-06-02,65.57400053333333
2016-06-03,65.90700046666666
2016-06-04,62.876667
2016-06-05,59.91566693333333
2016-06-06,63.25866696666666
2016-06-07,66.6320002
2016-06-08,66.94166666666666
2016-06-09,67.1443334
2016-06-10,67.2269999
2016-06-11,64.21633323333333
2016-06-12,61.30333326666666
2016-06-13,64.47066650000001
2016-06-14,67.6093333
2016-06-15,67.84433340000001
2016-06-16,68.01700006666667
2016-06-17,68.26700006666667
2016-06-18,65.2616666
2016-06-19,62.25899986666666
2016-06-20,65.4329999
2016-06-21,68.562
2016-06-22,68.48866653333333
2016-06-23,68.30999986666667
2016-06-24,67.9276665
2016-06-25,64.48733320000001
2016-06-26,61.07266646666667
2016-06-27,64.0019997
2016-06-28,66.9156665
2016-06-29,69.90466643333335
2016-06-30,69.50333333333333
2016-07-01,69.28666666666666
2016-07-02,65.90700003333333
2016-07-03,62.54066676666666
2016-07-04,62.54066676666666
2016-07-05,65.714
2016-07-06,65.5386666
2016-07-07,65.32199993333333
2016-07-08,65.18800003333334
2016-07-09,61.94733333333333
2016-07-10,58.78466676666667
2016-07-11,61.99100016666667
2016-07-12,65.16000016666666
2016-07-13,65.20133366666667
2016-07-14,65.2960002
2016-07-15,65.4263334
2016-07-16,62.28700006666667
2016-07-17,59.0953334
2016-07-18,62.37633340000001
2016-07-19,65.22400006666666
2016-07-20,64.93899996666667
2016-07-21,64.7533333
2016-07-22,64.61000010000001
2016-07-23,61.589333333333336
2016-07-24,58.671666699999996
2016-07-25,61.52933346666667
2016-07-26,64.56366676666667
2016-07-27,64.68433353333333
2016-07-28,64.83466666666666
2016-07-29,64.88533346666667
2016-07-30,61.855000000000004
2016-07-31,58.68833333333334
2016-08-01,61.72933343333333
2016-08-02,64.86266676666666
2016-08-03,67.97200006666667
2016-08-04,67.9053334
2016-08-05,67.86333333333333
2016-08-06,64.70666676666667
2016-08-07,61.50666676666667
2016-08-08,64.7036669
2016-08-09,67.87433366666667
2016-08-10,67.814667
2016-08-11,67.79900026666667
2016-08-12,67.77466683333334
2016-08-13,64.54133350000001
2016-08-14,61.2573336
2016-08-15,64.48500033333333
2016-08-16,67.6580004
2016-08-17,67.54166713333333
2016-08-18,67.8933339
2016-08-19,68.20600073333334
2016-08-20,65.2626673
2016-08-21,62.38000053333334
2016-08-22,65.56900046666667
2016-08-23,68.7583338
2016-08-24,69.10500026666666
2016-08-25,69.28333353333333
2016-08-26,69.47766693333332
2016-08-27,66.413667
2016-08-28,63.37400026666667
2016-08-29,66.60633363333334
2016-08-30,69.86766683333333
2016-08-31,70.07600016666667
2016-09-01,70.20300010000001
2016-09-02,70.35700019999999
2016-09-03,67.25033363333334
2016-09-04,64.12466706666666
2016-09-05,64.12466706666666
2016-09-06,67.3833338
2016-09-07,67.52333370000001
2016-09-08,67.6603337
2016-09-09,67.8156669
2016-09-10,64.66233363333333
2016-09-11,61.47800033333333
2016-09-12,64.67500046666666
2016-09-13,67.9140004
2016-09-14,67.9313336
2016-09-15,67.99933363333334
2016-09-16,68.0713335
2016-09-17,64.87200006666667
2016-09-18,61.6703333
2016-09-19,65.00033336666667
2016-09-20,68.29299999999999
2016-09-21,68.33400013333333
2016-09-22,68.3293335
2016-09-23,68.31666693333334
2016-09-24,65.10400036666667
2016-09-25,61.85966696666666
2016-09-26,65.03900019999999
2016-09-27,68.20700023333333
2016-09-28,68.21133346666667
2016-09-29,68.19366686666666
2016-09-30,68.1743335
2016-10-01,64.91400023333333
2016-10-02,61.650666833333325
2016-10-03,64.9173335
2016-10-04,68.35700023333334
2016-10-05,71.80700023333334
2016-10-06,72.04733353333333
2016-10-07,72.17633359999999
2016-10-08,68.86866683333332
2016-10-09,65.5666669
2016-10-10,69.00600023333332
2016-10-11,72.41633350000001
2016-10-12,72.58199993333332
2016-10-13,72.61000006666667
2016-10-14,72.75133333333333
2016-10-15,69.51033323333334
2016-10-16,66.27366663333333
2016-10-17,69.62366663333334
2016-10-18,73.51133320000001
2016-10-19,74.12299980000002
2016-10-20,74.89599986666666
2016-10-21,75.74933313333332
2016-10-22,72.56466643333333
2016-10-23,69.37299976666667
2016-10-24,73.62033303333334
2016-10-25,77.83766626666667
2016-10-26,78.86799973333333
2016-10-27,79.94766636666667
2016-10-28,80.9136665
2016-10-29,77.6699999
2016-10-30,74.43999983333333
2016-10-31,78.6683331
2016-11-01,82.8343332
2016-11-02,83.66199993333333
2016-11-03,84.29933313333332
2016-11-04,84.9159998
2016-11-05,81.41699976666668
2016-11-06,77.95099966666666
2016-11-07,82.09299973333333
2016-11-08,86.23033316666667
2016-11-09,86.85233303333334
2016-11-10,87.53399983333334
2016-11-11,88.00133333333333
2016-11-12,84.73433326666667
2016-11-13,81.34800006666666
2016-11-14,85.17300006666666
2016-11-15,88.99133349999998
2016-11-16,89.4066668
2016-11-17,89.3566668
2016-11-18,89.2726669
2016-11-19,85.20700020000001
2016-11-20,81.12366686666668
2016-11-21,84.9970001
2016-11-22,88.94100010000001
2016-11-23,88.61900023333332
2016-11-24,84.401667
2016-11-25,84.1133336
2016-11-26,79.86566693333333
2016-11-27,75.6630002
2016-11-28,79.56466696666666
2016-11-29,83.47466706666667
2016-11-30,83.21300046666667
2016-12-01,82.96433359999999
2016-12-02,82.76166686666667
2016-12-03,78.68466693333333
2016-12-04,74.61800026666667
2016-12-05,78.64233370000001
2016-12-06,82.64566696666667
2016-12-07,82.65300033333332
2016-12-08,82.69566696666668
2016-12-09,82.76033373333333
2016-12-10,78.66833366666667
2016-12-11,74.8383336
2016-12-12,78.93300013333334
2016-12-13,83.05000020000001
2016-12-14,83.33933353333333
2016-12-15,83.63566683333333
2016-12-16,84.0833335
2016-12-17,80.24566693333333
2016-12-18,76.38800016666666
2016-12-19,80.5313336
2016-12-20,84.71333356666666
2016-12-21,85.02433363333334
2016-12-22,85.30833349999999
2016-12-23,85.57000013333332
2016-12-24,85.57000013333332
2016-12-25,81.64866683333334
2016-12-26,81.64866683333334
2016-12-27,85.85666676666666
2016-12-28,86.25733356666667
2016-12-29,86.5456667
2016-12-30,86.78699996666666
2016-12-31,82.86966673333333
2017-01-01,78.97800006666667
2017-01-02,78.97800006666667
2017-01-03,83.14333336666667
2017-01-04,83.36866653333333
2017-01-05,83.67266663333334
2017-01-06,83.92599993333333
2017-01-07,79.74599986666665
2017-01-08,75.6199999
2017-01-09,80.00266643333333
2017-01-10,84.37833323333332
2017-01-11,84.6473335
2017-01-12,84.88466693333334
2017-01-13,85.14200006666667
2017-01-14,81.02733333333335
2017-01-15,76.81433336666667
2017-01-16,76.81433336666667
2017-01-17,81.31566646666667
2017-01-18,81.6126666
2017-01-19,82.16433313333333
2017-01-20,82.62533319999999
2017-01-21,78.39733333333334
2017-01-22,74.2103333
2017-01-23,78.83199976666667
2017-01-24,83.43566646666666
2017-01-25,88.12899990000001
2017-01-26,88.60266653333333
2017-01-27,88.94899986666665
2017-01-28,84.75066663333334
2017-01-29,80.5426667
2017-01-30,85.2683335
2017-01-31,89.95333360000001
2017-02-01,94.66000016666666
2017-02-02,95.1816669
2017-02-03,95.58233346666665
2017-02-04,91.27500009999999
2017-02-05,86.87233336666667
2017-02-06,91.53900003333334
2017-02-07,96.25533353333334
2017-02-08,96.65833390000002
2017-02-09,97.11533363333335
2017-02-10,97.57433326666666
2017-02-11,93.21999976666666
2017-02-12,88.8483333
2017-02-13,93.68800003333332
2017-02-14,98.46133326666667
2017-02-15,103.15199996666666
2017-02-16,103.39800013333334
2017-02-17,103.68266656666667
2017-02-18,98.94900006666667
2017-02-19,94.3036667
2017-02-20,94.3036667
2017-02-21,99.07000020000001
2017-02-22,99.21233366666667
2017-02-23,99.42366686666668
2017-02-24,99.45966693333334
2017-02-25,94.77800036666667
2017-02-26,90.12933346666667
2017-02-27,94.89999996666667
2017-02-28,99.67666673333333
2017-03-01,99.71233313333333
2017-03-02,99.76566616666666
2017-03-03,99.71533300000002
2017-03-04,95.02833296666668
2017-03-05,90.3779998
2017-03-06,95.0779998
2017-03-07,99.81099996666667
2017-03-08,99.86
2017-03-09,99.81166626666666
2017-03-10,99.73899933333333
2017-03-11,94.90633279999999
2017-03-12,90.08366636666666
2017-03-13,94.78033283333335
2017-03-14,99.54533273333332
2017-03-15,99.51233256666666
2017-03-16,99.58899933333333
2017-03-17,99.6999994
2017-03-18,94.95266613333334
2017-03-19,90.22766613333333
2017-03-20,95.07599936666666
2017-03-21,99.96766603333334
2017-03-22,104.71899913333333
2017-03-23,104.6906656
2017-03-24,104.67199903333334
2017-03-25,99.85699913333333
2017-03-26,95.12766563333334
2017-03-27,99.82199903333334
2017-03-28,104.62533256666666
2017-03-29,104.70466606666666
2017-03-30,104.8216659
2017-03-31,104.99366603333333
2017-04-01,100.2553329
2017-04-02,95.59899949999999
2017-04-03,100.4889994
2017-04-04,105.38366593333333
2017-04-05,105.556666
2017-04-06,105.62366583333333
2017-04-07,105.7009989
2017-04-08,101.03299913333333
2017-04-09,96.31999916666668
2017-04-10,101.08799893333334
2017-04-11,105.89733223333334
2017-04-12,106.0289993
2017-04-13,106.07233273333334
2017-04-14,101.26566616666666
2017-04-15,96.41566616666665
2017-04-16,91.61399940000001
2017-04-17,96.4283325
2017-04-18,101.33966570000001
2017-04-19,101.2703323
2017-04-20,101.0553324
2017-04-21,101.01699926666667
2017-04-22,96.2789993
2017-04-23,91.53366593333334
2017-04-24,96.32066596666667
2017-04-25,101.23599953333334
2017-04-26,101.5926661
2017-04-27,101.80933276666666
2017-04-28,102.04966633333333
2017-04-29,97.15599973333335
2017-04-30,92.22266640000001
2017-05-01,97.2863332
2017-05-02,102.47833303333333
2017-05-03,102.79799956666666
2017-05-04,103.08966623333335
2017-05-05,103.50166626666666
2017-05-06,98.70166626666666
2017-05-07,93.9086665
2017-05-08,99.12699993333334
2017-05-09,104.33033346666667
2017-05-10,104.82300060000001
2017-05-11,105.3580007
2017-05-12,105.83333386666666
2017-05-13,101.02500053333333
2017-05-14,101.02500053333333
2017-05-15,106.3666672
2017-05-16,111.7166672
2017-05-17,112.17200063333333
2017-05-18,112.3810008
2017-05-19,112.80700076666668
2017-05-20,108.130334
2017-05-21,103.41733403333335
2017-05-22,108.67933406666667
2017-05-23,113.93766740000001
2017-05-24,114.42900089999999
2017-05-25,114.88033399999999
2017-05-26,115.2573339
2017-05-27,110.2373337
2017-05-28,105.14700013333335
2017-05-29,105.14700013333335
2017-05-30,110.60033366666669
2017-05-31,110.99033356666668
2017-06-01,111.24900053333334
2017-06-02,111.48666736666668
2017-06-03,106.30033416666667
2017-06-04,101.01533406666667
2017-06-05,106.53166756666668
2017-06-06,112.03000080000001
2017-06-07,112.33166756666667
2017-06-08,112.66566719999999
2017-06-09,112.94733376666666
2017-06-10,107.60300036666666
2017-06-11,102.29933366666666
2017-06-12,107.47600043333334
2017-06-13,112.6220006
2017-06-14,112.42500046666666
2017-06-15,112.05633386666666
2017-06-16,111.83500056666666
2017-06-17,106.7146672
2017-06-18,101.50966739999998
2017-06-19,106.65266716666666
2017-06-20,111.7753336
2017-06-21,111.59666689999999
2017-06-22,111.50933373333332
2017-06-23,111.39800003333335
2017-06-24,106.03133336666669
2017-06-25,100.6033335
2017-06-26,105.89600013333333
2017-06-27,111.11666663333334
2017-06-28,116.17133326666666
2017-06-29,115.81199996666666
2017-06-30,115.3503331
2017-07-01,109.8996663
2017-07-02,104.45233303333335
2017-07-03,109.44566646666667
2017-07-04,109.44566646666667
2017-07-05,108.81533303333335
2017-07-06,108.18799996666667
2017-07-07,107.5563329
2017-07-08,102.01899973333335
2017-07-09,96.47666626666667
2017-07-10,101.48799946666668
2017-07-11,106.5669993
2017-07-12,106.582666
2017-07-13,106.72033233333333
2017-07-14,106.8856659
2017-07-15,101.9043325
2017-07-16,96.85599926666667
2017-07-17,102.28633273333335
2017-07-18,108.15699923333335
2017-07-19,109.11299949999999
2017-07-20,110.11833293333333
2017-07-21,111.1256663
2017-07-22,105.95466613333335
2017-07-23,100.7876663
2017-07-24,107.07733303333333
2017-07-25,113.33699946666665
2017-07-26,114.3009994
2017-07-27,115.40999953333333
2017-07-28,116.42199956666667
2017-07-29,111.32799933333334
2017-07-30,106.3359995
2017-07-31,112.47799933333333
2017-08-01,118.5609995
2017-08-02,119.64166610000001
2017-08-03,125.65933273333333
2017-08-04,126.75999953333333
2017-08-05,121.88899936666667
2017-08-06,117.00066623333333
2017-08-07,123.03399956666667
2017-08-08,129.07966606666668
2017-08-09,129.78266596666666
2017-08-10,130.50466609999998
2017-08-11,130.97433266666664
2017-08-12,125.69066616666666
2017-08-13,120.38066606666666
2017-08-14,126.04066616666667
2017-08-15,131.7583328
2017-08-16,131.91133266666665
2017-08-17,131.68166603333333
2017-08-18,131.11433256666666
2017-08-19,124.9863327
2017-08-20,118.89566599999999
2017-08-21,124.4593328
2017-08-22,130.05133263333332
2017-08-23,129.37333276666666
2017-08-24,128.77566636666668
2017-08-25,128.1383332
2017-08-26,121.80866656666667
2017-08-27,115.74199990000001
2017-08-28,121.28966633333333
2017-08-29,126.78966633333333
2017-08-30,126.2976665
2017-08-31,126.06299956666666
2017-09-01,125.8406663
2017-09-02,119.82299966666666
2017-09-03,113.8363328
2017-09-04,113.8363328
2017-09-05,119.61633259999999
2017-09-06,119.42466593333332
2017-09-07,119.33899953333334
2017-09-08,119.57299966666666
2017-09-09,113.77199970000001
2017-09-10,108.10999966666668
2017-09-11,114.04666653333334
2017-09-12,120.13166663333335
2017-09-13,120.60733343333332
2017-09-14,120.99800013333333
2017-09-15,121.50566666666667
2017-09-16,115.8646668
2017-09-17,110.33300023333332
2017-09-18,116.4533336
2017-09-19,122.61933346666666
2017-09-20,123.2590002
2017-09-21,123.8610006
2017-09-22,124.52933353333333
2017-09-23,118.8673335
2017-09-24,113.24800009999998
2017-09-25,119.46333366666666
2017-09-26,125.4866669
2017-09-27,125.97266696666667
2017-09-28,126.51433363333334
2017-09-29,126.88866683333335
2017-09-30,121.0403336
2017-10-01,115.18866683333334
2017-10-02,121.2590002
2017-10-03,127.18066666666667
2017-10-04,133.2276668
2017-10-05,133.63600013333334
2017-10-06,134.27100023333335
2017-10-07,128.31100013333332
2017-10-08,122.3626669
2017-10-09,128.99933376666667
2017-10-10,135.59433396666668
2017-10-11,136.17666733333334
2017-10-12,136.65000056666668
2017-10-13,137.17100023333333
2017-10-14,131.0626669
2017-10-15,124.97166703333333
2017-10-16,131.7033336
2017-10-17,138.3736669666667
2017-10-18,138.9196671
2017-10-19,139.18733373333333
2017-10-20,139.514
2017-10-21,133.31999976666665
2017-10-22,127.03999996666668
2017-10-23,133.51233323333335
2017-10-24,139.93733323333333
2017-10-25,140.2346665
2017-10-26,140.70000006666666
2017-10-27,141.2396668
2017-10-28,135.19800013333332
2017-10-29,129.17366693333332
2017-10-30,135.82766676666668
2017-10-31,142.434667
2017-11-01,142.93900046666667
2017-11-02,143.59900056666666
2017-11-03,144.21200053333334
2017-11-04,138.0236674
2017-11-05,131.54700063333334
2017-11-06,138.2136673
2017-11-07,144.88033396666665
2017-11-08,144.77700043333334
2017-11-09,144.66400046666664
2017-11-10,144.53200026666664
2017-11-11,137.97366693333333
2017-11-12,131.31700036666666
2017-11-13,137.68766686666666
2017-11-14,144.14233349999998
2017-11-15,143.89533336666668
2017-11-16,143.70266673333333
2017-11-17,143.56100006666665
2017-11-18,137.12733356666666
2017-11-19,130.59733376666665
2017-11-20,137.04066719999997
2017-11-21,143.54200029999998
2017-11-22,143.62233376666666
2017-11-23,137.19733376666667
2017-11-24,137.23966673333334
2017-11-25,130.75099993333333
2017-11-26,124.17766669999999
2017-11-27,130.6963333
2017-11-28,137.2076665
2017-11-29,137.18400013333334
2017-11-30,136.9206665
2017-12-01,136.57899983333334
2017-12-02,129.99733326666666
2017-12-03,123.33733316666667
2017-12-04,129.6493332
2017-12-05,135.76599986666668
2017-12-06,135.21200003333334
2017-12-07,134.73566693333333
2017-12-08,134.41900026666667
2017-12-09,127.93700003333333
2017-12-10,121.55
2017-12-11,127.81166686666667
2017-12-12,134.01200003333332
2017-12-13,133.84466706666666
2017-12-14,133.65600030000002
2017-12-15,133.49166723333335
2017-12-16,127.01400050000001
2017-12-17,120.48933366666667
2017-12-18,126.8626669
2017-12-19,133.202
2017-12-20,133.0233333
2017-12-21,132.83666693333333
2017-12-22,132.56166693333333
2017-12-23,132.56166693333333
2017-12-24,126.00666713333334
2017-12-25,126.00666713333334
2017-12-26,132.3326671
2017-12-27,132.0740006
2017-12-28,131.8020005
2017-12-29,131.58866686666667
2017-12-30,125.24500026666668
2017-12-31,119.01200010000001
2018-01-01,119.01200010000001
2018-01-02,125.54866696666667
2018-01-03,125.97166703333333
2018-01-04,126.72833360000001
2018-01-05,127.52400010000001
2018-01-06,121.33366653333333
2018-01-07,115.11699986666666
2018-01-08,122.11766666666668
2018-01-09,129.18800003333334
2018-01-10,129.8453334
2018-01-11,130.78799999999998
2018-01-12,131.82399956666666
2018-01-13,125.5579997
2018-01-14,119.23766633333334
2018-01-15,119.23766633333334
2018-01-16,126.71233316666667
2018-01-17,127.70566660000001
2018-01-18,128.71100003333333
2018-01-19,129.8713333
2018-01-20,123.55666656666666
2018-01-21,117.27899983333333
2018-01-22,124.67899983333334
2018-01-23,133.18066660000002
2018-01-24,141.54333343333334
2018-01-25,143.98400013333332
2018-01-26,146.77366636666667
2018-01-27,140.53433326666666
2018-01-28,134.11733343333333
2018-01-29,143.25733383333332
2018-01-30,152.49066716666667
2018-01-31,161.88866723333334
2018-02-01,164.23233383333334
2018-02-02,166.2640004
2018-02-03,159.39066716666667
2018-02-04,152.48233383333334
2018-02-05,161.21566716666666
2018-02-06,169.47233373333336
2018-02-07,171.35766650000002
2018-02-08,173.18999936666668
2018-02-09,174.732666
2018-02-10,167.58966623333333
2018-02-11,160.35033313333332
2018-02-12,168.75499976666666
2018-02-13,177.3313334
2018-02-14,186.01366676666666
2018-02-15,187.53999990000003
2018-02-16,189.4643336
2018-02-17,182.11966706666666
2018-02-18,174.69466706666665
2018-02-19,174.69466706666665
2018-02-20,183.95266673333333
2018-02-21,185.9550003
2018-02-22,186.91600036666668
2018-02-23,187.92000020000003
2018-02-24,179.15333353333335
2018-02-25,170.10366720000002
2018-02-26,179.72866720000002
2018-02-27,189.5543335
2018-02-28,190.18433330000002
2018-03-01,190.7093333
2018-03-02,190.79966636666666
2018-03-03,181.9193329
2018-03-04,173.15266623333335
2018-03-05,183.24766643333336
2018-03-06,193.9103332666667
2018-03-07,195.84366660000003
2018-03-08,198.32700043333332
2018-03-09,200.1520004333333
2018-03-10,191.24933419999996
2018-03-11,182.78766733333333
2018-03-12,193.90633393333334
2018-03-13,204.70200043333335
2018-03-14,206.90266726666667
2018-03-15,209.09866739999998
2018-03-16,211.13033446666668
2018-03-17,202.1293345
2018-03-18,192.83833413333335
2018-03-19,203.3650004
2018-03-20,213.80700073333335
2018-03-21,224.35200093333333
2018-03-22,225.52966816666668
2018-03-23,226.37433473333334
2018-03-24,216.9116679
2018-03-25,207.54500123333335
2018-03-26,217.8570007333333
2018-03-27,228.60666706666663
2018-03-28,228.9280009
2018-03-29,228.66900126666667
2018-03-30,218.89900106666664
2018-03-31,209.14066773333332
2018-04-01,199.6523346
2018-04-02,209.383668
2018-04-03,218.89866840000002
2018-04-04,217.92466836666665
2018-04-05,217.033668
2018-04-06,216.0036682
2018-04-07,205.2636678
2018-04-08,194.55266823333335
2018-04-09,204.27833453333335
2018-04-10,214.20100096666667
2018-04-11,213.17833453333333
2018-04-12,212.70666806666665
2018-04-13,212.67766823333335
2018-04-14,201.9053344666667
2018-04-15,191.19133403333333
2018-04-16,201.7243337
2018-04-17,212.7130005
2018-04-18,213.39633383333333
2018-04-19,214.05033366666666
2018-04-20,214.5793335
2018-04-21,204.1436666
2018-04-22,193.89666646666666
2018-04-23,204.86833293333333
2018-04-24,215.5089996333333
2018-04-25,215.4093333
2018-04-26,214.9930003
2018-04-27,215.58833313333332
2018-04-28,206.02166646666666
2018-04-29,206.02166646666666
2018-04-30,216.3906667
2018-05-01,226.7359995333333
2018-05-02,227.39299926666666
2018-05-03,228.2976654
2018-05-04,229.46699826666665
2018-05-05,219.6953318
2018-05-06,210.05866493333332
2018-05-07,220.7916646
2018-05-08,231.65499773333335
2018-05-09,232.88899839999996
2018-05-10,234.01633196666666
2018-05-11,234.90866493333334
2018-05-12,224.5846649
2018-05-13,214.00833126666666
2018-05-14,224.9166646
2018-05-15,235.78133133333333
2018-05-16,236.12433163333333
2018-05-17,236.05333146666666
2018-05-18,235.67333166666668
2018-05-19,224.57733149999999
2018-05-20,213.50333146666665
2018-05-21,224.40699763333333
2018-05-22,235.54199723333335
2018-05-23,235.53833106666664
2018-05-24,236.37566423333334
2018-05-25,237.82666419999998
2018-05-26,227.49333086666667
2018-05-27,216.95166419999998
2018-05-28,216.95166419999998
2018-05-29,228.66833086666665
2018-05-30,230.0449971333333
2018-05-31,231.49299723333334
2018-06-01,232.9006642666667
2018-06-02,222.48099773333334
2018-06-03,212.1906647
2018-06-04,224.2799978
2018-06-05,236.3906647
2018-06-06,237.9169983333333
2018-06-07,239.33833216666665
2018-06-08,240.31399846666667
2018-06-09,229.26399846666666
2018-06-10,218.2756653333333
2018-06-11,230.33833216666665
2018-06-12,242.45833236666667
2018-06-13,243.800999
2018-06-14,245.7453319
2018-06-15,247.8929983
2018-06-16,236.97533166666665
2018-06-17,226.14533186666668
2018-06-18,239.0693319
2018-06-19,252.05266523333333
2018-06-20,254.9873322
2018-06-21,257.89833276666667
2018-06-22,260.92966616666666
2018-06-23,249.45166629999997
2018-06-24,237.78833316666666
2018-06-25,251.2779999
2018-06-26,264.3873332
2018-06-27,277.9726664666667
2018-06-28,279.42266646666667
2018-06-29,280.98333336666667
2018-06-30,269.1900004333333
2018-07-01,257.39400026666664
2018-07-02,270.24233399999997
2018-07-03,283.558667
2018-07-04,271.4693339
2018-07-05,272.48533326666666
2018-07-06,273.4743337
2018-07-07,261.1896667333333
2018-07-08,249.25433346666668
2018-07-09,263.11933386666664
2018-07-10,277.0273335333333
2018-07-11,278.67599989999997
2018-07-12,280.3946665
2018-07-13,281.78333326666666
2018-07-14,268.97433363333334
2018-07-15,255.95066726666667
2018-07-16,269.2500009666667
2018-07-17,280.81500136666665
2018-07-18,280.599001
2018-07-19,279.9843342666667
2018-07-20,278.3100015666667
2018-07-21,264.2640014
2018-07-22,250.2646677
2018-07-23,262.23633416666667
2018-07-24,274.46766756666665
2018-07-25,272.89700106666663
2018-07-26,271.7273345
2018-07-27,270.37033476666664
2018-07-28,257.2036681
2018-07-29,243.8973347
2018-07-30,255.62833446666667
2018-07-31,266.67866813333336
2018-08-01,265.0260009
2018-08-02,262.9506682666667
2018-08-03,274.54233493333334
2018-08-04,261.41566866666665
2018-08-05,248.16733493333334
2018-08-06,259.5963347666667
2018-08-07,271.37066846666664
2018-08-08,269.2460011
2018-08-09,266.9366678
2018-08-10,264.7890014
2018-08-11,250.95033460000002
2018-08-12,237.31066786666668
2018-08-13,248.64033503333334
2018-08-14,260.0433349
2018-08-15,257.8783345
2018-08-16,257.31000056666664
2018-08-17,255.23566789999998
2018-08-18,242.86700130000003
2018-08-19,230.70300086666666
2018-08-20,241.19100136666668
2018-08-21,252.2243347
2018-08-22,251.5356679
2018-08-23,250.90800066666665
2018-08-24,250.52233376666666
2018-08-25,238.5826670333333
2018-08-26,226.3543335
2018-08-27,238.59266663333335
2018-08-28,250.833667
2018-08-29,251.34266763333332
2018-08-30,252.45900063333332
2018-08-31,253.6186676
2018-09-01,242.37766723333334
2018-09-02,230.78600056666667
2018-09-03,230.78600056666667
2018-09-04,243.00166726666666
2018-09-05,243.57266743333332
2018-09-06,243.37966713333333
2018-09-07,243.04600116666668
2018-09-08,231.44733480000002
2018-09-09,219.883668
2018-09-10,231.62600096666665
2018-09-11,243.11500139999998
2018-09-12,243.75466713333333
2018-09-13,244.74866740000002
2018-09-14,245.8993337
2018-09-15,234.90266723333335
2018-09-16,224.26900023333334
2018-09-17,236.40966693333337
2018-09-18,248.19866736666665
2018-09-19,250.17566726666664
2018-09-20,251.48433426666665
2018-09-21,252.42100113333333
2018-09-22,240.8173349666667
2018-09-23,229.28400163333336
2018-09-24,241.25066830000003
2018-09-25,253.59166866666666
2018-09-26,253.8063354
2018-09-27,254.22766820000004
2018-09-28,254.6290008
2018-09-29,242.46233413333331
2018-09-30,230.10700066666666
2018-10-01,242.63533420000002
2018-10-02,255.44800103333333
2018-10-03,268.0656676666666
2018-10-04,268.37933446666665
2018-10-05,268.37166743333336
2018-10-06,256.79033403333335
2018-10-07,245.38366696666665
2018-10-08,256.8896667333333
2018-10-09,268.5056671
2018-10-10,268.54733376666667
2018-10-11,267.88966673333334
2018-10-12,267.2393340666667
2018-10-13,254.84233393333335
2018-10-14,242.55733433333336
2018-10-15,253.81166783333336
2018-10-16,265.05300083333333
2018-10-17,265.5233337
2018-10-18,265.7566670333333
2018-10-19,264.99166663333335
2018-10-20,252.64966629999998
2018-10-21,240.42999976666667
2018-10-22,251.53333329999998
2018-10-23,262.1333333
2018-10-24,261.2426666
2018-10-25,259.1389994
2018-10-26,256.7029998666667
2018-10-27,244.0406667
2018-10-28,231.39933370000003
2018-10-29,241.5746673666667
2018-10-30,250.76033426666666
2018-10-31,248.15766703333333
2018-11-01,245.49800006666663
2018-11-02,243.48033343333333
2018-11-03,230.95099993333332
2018-11-04,218.95866696666664
2018-11-05,229.32866716666666
2018-11-06,239.8206675
2018-11-07,238.74466753333334
2018-11-08,238.0620005
2018-11-09,236.6470011
2018-11-10,225.8156677
2018-11-11,214.49666746666665
2018-11-12,224.49666746666665
2018-11-13,234.3300008
2018-11-14,233.08900043333333
2018-11-15,231.36466776666666
2018-11-16,228.32500203333333
2018-11-17,216.30266826666667
2018-11-18,204.60266826666665
2018-11-19,214.06233523333333
2018-11-20,222.55000206666668
2018-11-21,220.5940023
2018-11-22,209.9940023
2018-11-23,207.58833516666667
2018-11-24,197.351002
2018-11-25,187.33400166666667
2018-11-26,196.01900126666666
2018-11-27,204.66033426666667
2018-11-28,203.55100096666666
2018-11-29,203.77600096666666
2018-11-30,203.45033466666666
2018-12-01,193.29733480000002
2018-12-02,182.69733480000002
2018-12-03,192.4703348666667
2018-12-04,202.07466836666669
2018-12-05,191.70466816666666
2018-12-06,190.15700073333335
2018-12-07,189.14300129999998
2018-12-08,178.20966796666664
2018-12-09,167.84066773333333
2018-12-10,176.64700113333336
2018-12-11,185.78300070000003
2018-12-12,184.70500083333334
2018-12-13,184.12633466666665
2018-12-14,183.1733348
2018-12-15,173.65633446666666
2018-12-16,164.08500063333335
2018-12-17,172.96866763333335
2018-12-18,181.7453339
2018-12-19,181.2843333
2018-12-20,181.61800029999998
2018-12-21,181.26499943333332
2018-12-22,181.26499943333332
2018-12-23,172.59466659999998
2018-12-24,180.66133326666665
2018-12-25,180.66133326666665
2018-12-26,179.77366693333335
2018-12-27,179.46933396666665
2018-12-28,179.00133366666668
2018-12-29,169.5906667666667
2018-12-30,159.9906667666667
2018-12-31,168.6626669
2019-01-01,168.6626669
2019-01-02,167.53233346666667
2019-01-03,166.93466703333334
2019-01-04,176.3306672
2019-01-05,167.3863343
2019-01-06,157.97033393333334
2019-01-07,168.04033413333335
2019-01-08,178.7063345
2019-01-09,180.49033413333333
2019-01-10,181.84000146666665
2019-01-11,183.95000103333334
2019-01-12,174.6953338666667
2019-01-13,165.63500059999998
2019-01-14,176.7763336
2019-01-15,188.4296671333333
2019-01-16,191.34600013333332
2019-01-17,194.21933386666666
2019-01-18,196.95300086666666
2019-01-19,188.13166703333334
2019-01-20,179.33733413333331
2019-01-21,179.33733413333331
2019-01-22,190.50033463333335
2019-01-23,193.37533463333335
2019-01-24,204.0620015
2019-01-25,207.2220016
2019-01-26,198.88500156666666
2019-01-27,190.28700149999997
2019-01-28,201.44366856666664
2019-01-29,212.63933506666666
2019-01-30,215.05900160000002
2019-01-31,226.38166803333334
2019-02-01,228.97833450000002
2019-02-02,219.97166743333335
2019-02-03,210.57566726666667
2019-02-04,221.99566746666667
2019-02-05,233.7690012
2019-02-06,235.59900100000002
2019-02-07,236.5296671
2019-02-08,237.20600073333333
2019-02-09,226.72033383333334
2019-02-10,215.6883341333333
2019-02-11,227.3550008
2019-02-12,238.95800066666666
2019-02-13,239.72666726666665
2019-02-14,239.79833373333335
2019-02-15,239.94733376666667
2019-02-16,228.29733376666667
2019-02-17,216.5650004
2019-02-18,216.5650004
2019-02-19,228.42500000000004
2019-02-20,240.5866668666667
2019-02-21,241.42466633333333
2019-02-22,242.49433286666667
2019-02-23,231.807666
2019-02-24,220.85033263333335
2019-02-25,233.08399963333335
2019-02-26,245.18333333333334
2019-02-27,246.1433329333333
2019-02-28,247.0299998
2019-03-01,248.0136668
2019-03-02,236.69100036666669
2019-03-03,225.45166726666668
2019-03-04,237.44233396666667
2019-03-05,249.15766699999998
2019-03-06,249.52433366666668
2019-03-07,249.7563334
2019-03-08,249.3813334
2019-03-09,237.78466693333334
2019-03-10,226.51800026666666
2019-03-11,238.2513336
2019-03-12,250.23033343333336
2019-03-13,250.42400003333336
2019-03-14,250.83766683333334
2019-03-15,250.96166686666666
2019-03-16,239.23666686666667
2019-03-17,227.28766683333333
2019-03-18,239.37000020000002
2019-03-19,251.58333333333334
2019-03-20,263.54700013333337
2019-03-21,264.1536672
2019-03-22,264.5236674
2019-03-23,252.52266743333334
2019-03-24,240.51133423333334
2019-03-25,252.4780009
2019-03-26,264.74033406666666
2019-03-27,264.5400004
2019-03-28,264.2569997
2019-03-29,264.04566650000004
2019-03-30,251.96333313333332
2019-03-31,239.88799946666666
2019-04-01,251.85466613333332
2019-04-02,264.06299946666667
2019-04-03,264.38099976666666
2019-04-04,265.00133363333333
2019-04-05,265.51466676666666
2019-04-06,253.5093333
2019-04-07,241.9843333
2019-04-08,254.15466613333334
2019-04-09,266.17266643333335
2019-04-10,266.6323334
2019-04-11,266.82000023333336
2019-04-12,266.9826670333333
2019-04-13,254.96600036666666
2019-04-14,242.93200073333335
2019-04-15,254.62233376666669
2019-04-16,266.4556671
2019-04-17,266.5416666666667
2019-04-18,266.1616668666667
2019-04-19,254.19800006666668
2019-04-20,241.7313334
2019-04-21,229.19966633333334
2019-04-22,241.18966673333335
2019-04-23,253.70466713333332
2019-04-24,254.44033403333333
2019-04-25,254.66100053333332
2019-04-26,254.90600073333331
2019-04-27,243.08966773333333
2019-04-28,231.18433426666664
2019-04-29,243.64033403333332
2019-04-30,255.95900063333335
2019-05-01,256.45900063333335
2019-05-02,256.8506673
2019-05-03,257.25966693333334
2019-05-04,244.92400003333336
2019-05-05,232.62400003333335
2019-05-06,245.21366676666668
2019-05-07,257.78033343333334
2019-05-08,257.87400103333334
2019-05-09,257.88600053333334
2019-05-10,257.74700006666666
2019-05-11,245.5803334
2019-05-12,233.55733333333333
2019-05-13,245.30033363333334
2019-05-14,256.92400000000004
2019-05-15,256.67833349999995
2019-05-16,256.724
2019-05-17,256.4353342333333
2019-05-18,244.60200089999998
2019-05-19,244.60200089999998
2019-05-20,256.30966793333334
2019-05-21,268.00800166666664
2019-05-22,267.9516682666666
2019-05-23,267.2866678666667
2019-05-24,266.43133443333335
2019-05-25,253.94833476666665
2019-05-26,241.67000123333335
2019-05-27,241.67000123333335
2019-05-28,253.48300173333334
2019-05-29,252.81366883333334
2019-05-30,252.18000183333334
2019-05-31,251.2873352
2019-06-01,238.68733519999998
2019-06-02,225.96966856666666
2019-06-03,237.4216685
2019-06-04,248.9216685
2019-06-05,248.14466860000002
2019-06-06,247.4060018
2019-06-07,247.0550018666667
2019-06-08,235.02500206666667
2019-06-09,222.97100223333334
2019-06-10,235.09266870000002
2019-06-11,246.92600203333333
2019-06-12,246.91033529999999
2019-06-13,246.86100263333336
2019-06-14,246.80400293333335
2019-06-15,234.92500310000003
2019-06-16,223.04533593333335
2019-06-17,234.468336
2019-06-18,246.32066956666668
2019-06-19,246.67033589999997
2019-06-20,247.16900230000002
2019-06-21,247.40200196666666
2019-06-22,235.55200196666664
2019-06-23,223.70500183333334
2019-06-24,236.04733480000002
2019-06-25,248.40566813333334
2019-06-26,260.45900166666667
2019-06-27,260.75266823333334
2019-06-28,261.3080017
2019-06-29,249.6230021
2019-06-30,238.04900206666667
2019-07-01,250.4990020666667
2019-07-02,262.9953359
2019-07-03,264.09966936666666
2019-07-04,252.59966936666666
2019-07-05,253.39666949999997
2019-07-06,241.56866963333331
2019-07-07,229.65566913333333
2019-07-08,242.26200253333334
2019-07-09,254.89733579999998
2019-07-10,255.53466896666666
2019-07-11,256.4046691666666
2019-07-12,257.3000020333333
2019-07-13,245.72566833333335
2019-07-14,234.3380015
2019-07-15,246.7693349
2019-07-16,259.1056681
2019-07-17,259.89100136666667
2019-07-18,258.83066813333335
2019-07-19,257.55333456666665
2019-07-20,245.35633443333333
2019-07-21,233.18966776666667
2019-07-22,243.58966776666665
2019-07-23,253.97100116666667
2019-07-24,251.97900186666666
2019-07-25,250.2493347
2019-07-26,249.15566813333334
2019-07-27,237.04900106666668
2019-07-28,224.70700073333333
2019-07-29,235.90633443333334
2019-07-30,246.87966816666668
2019-07-31,245.26833496666666
2019-08-01,243.58033446666667
2019-08-02,241.6070007333333
2019-08-03,241.6070007333333
2019-08-04,228.99733376666666
2019-08-05,239.36266680000003
2019-08-06,249.71533303333337
2019-08-07,247.1943329
2019-08-08,244.9266662666667
2019-08-09,242.6256663
2019-08-10,229.9223327666667
2019-08-11,217.29966633333333
2019-08-12,227.4816660333333
2019-08-13,237.80733233333333
2019-08-14,235.6429992666667
2019-08-15,233.2899994
2019-08-16,231.04366556666665
2019-08-17,220.2516652333333
2019-08-18,209.47166543333333
2019-08-19,219.67999876666667
2019-08-20,229.83233233333334
2019-08-21,229.4859985
2019-08-22,229.0596649
2019-08-23,228.54266456666667
2019-08-24,217.9139984
2019-08-25,206.95433143333332
2019-08-26,216.79566443333334
2019-08-27,226.6136647333333
2019-08-28,225.06333106666668
2019-08-29,223.92333066666666
2019-08-30,223.04399716666663
2019-08-31,212.23566383333335
2019-09-01,201.65266416666665
2019-09-02,201.65266416666665
2019-09-03,211.3466644
2019-09-04,210.68966469999998
2019-09-05,209.84766536666666
2019-09-06,209.54066563333333
2019-09-07,199.17299899999998
2019-09-08,188.7149993333333
2019-09-09,198.54199926666664
2019-09-10,208.2473327333333
2019-09-11,207.58866676666668
2019-09-12,206.866334
2019-09-13,206.28633316666665
2019-09-14,196.3029998333333
2019-09-15,186.3410003333333
2019-09-16,196.14866736666667
2019-09-17,205.96533403333336
2019-09-18,205.5900003666667
2019-09-19,205.15633340000002
2019-09-20,204.44466756666668
2019-09-21,194.48966776666666
2019-09-22,184.65633443333334
2019-09-23,193.60133463333332
2019-09-24,202.35133463333332
2019-09-25,201.03366853333333
2019-09-26,200.09633533333334
2019-09-27,199.32000173333333
2019-09-28,189.48666839999999
2019-09-29,179.52733510000002
2019-09-30,188.3273351
2019-10-01,197.23900196666668
2019-10-02,206.02600146666666
2019-10-03,205.2580012
2019-10-04,204.48966826666668
2019-10-05,194.97900136666667
2019-10-06,185.20066783333334
2019-10-07,194.26700083333336
2019-10-08,203.3680008
2019-10-09,202.54166716666668
2019-10-10,201.7020004
2019-10-11,201.6719996
2019-10-12,192.06866606666665
2019-10-13,182.38166656666667
2019-10-14,191.84599966666667
2019-10-15,201.30666656666665
2019-10-16,200.93633269999998
2019-10-17,201.26933236666665
2019-10-18,201.0816655333333
2019-10-19,191.36299893333333
2019-10-20,182.02099859999998
2019-10-21,191.1173324333333
2019-10-22,200.15599923333332
2019-10-23,200.14633229999998
2019-10-24,200.4566655666667
2019-10-25,200.95566509999998
2019-10-26,192.074998
2019-10-27,183.20233156666666
2019-10-28,192.4706645
2019-10-29,201.866331
2019-10-30,202.54433086666668
2019-10-31,203.33266400000002
2019-11-01,204.16899823333333
2019-11-02,195.24299826666666
2019-11-03,186.30299786666666
2019-11-04,195.90299786666665
2019-11-05,205.56933086666666
2019-11-06,206.10933126666666
2019-11-07,206.6983317
2019-11-08,207.3219991
2019-11-09,198.4563324
2019-11-10,188.96299946666667
2019-11-11,198.60166626666668
2019-11-12,208.4456665
2019-11-13,208.68233336666665
2019-11-14,208.66333313333334
2019-11-15,208.91233316666666
2019-11-16,198.76266683333333
2019-11-17,189.117334
2019-11-18,198.98400066666667
2019-11-19,209.11766766666668
2019-11-20,210.05500083333337
2019-11-21,211.2163340333333
2019-11-22,212.58433430000002
2019-11-23,203.52400103333332
2019-11-24,194.5013346
2019-11-25,204.7956675
2019-11-26,215.2956675
2019-11-27,216.49166766666667
2019-11-28,207.09600116666667
2019-11-29,208.14400126666666
2019-11-30,198.44400126666667
2019-12-01,188.82066753333336
2019-12-02,199.3003347
2019-12-03,209.37433473333334
2019-12-04,210.05533450000001
2019-12-05,210.5646678
2019-12-06,211.11500146666668
2019-12-07,201.42500106666665
2019-12-08,191.8006673666667
2019-12-09,202.04566756666665
2019-12-10,211.91633406666668
2019-12-11,212.09400026666665
2019-12-12,212.10566713333336
2019-12-13,212.35466716666667
2019-12-14,202.9130005
2019-12-15,193.2266673
2019-12-16,203.25500083333336
2019-12-17,213.5003336666667
2019-12-18,214.17566733333337
2019-12-19,214.85866700000003
2019-12-20,215.99166666666667
2019-12-21,205.79166666666666
2019-12-22,195.48833313333336
2019-12-23,206.74700013333333
2019-12-24,217.88066713333333
2019-12-25,207.58633423333333
2019-12-26,208.23966776666666
2019-12-27,208.87400103333331
2019-12-28,208.87400103333331
2019-12-29,198.34800106666665
2019-12-30,209.31733396666667
2019-12-31,220.0506673
2020-01-01,209.5710001333333
2020-01-02,210.36700030000003
2020-01-03,210.97866716666664
2020-01-04,200.80300086666665
2020-01-05,190.64633379999998
2020-01-06,201.41700029999998
2020-01-07,212.632667
2020-01-08,213.43733313333334
2020-01-09,214.96666663333335
2020-01-10,216.38800046666668
2020-01-11,206.53233336666668
2020-01-12,196.5823333666667
2020-01-13,207.6423329666667
2020-01-14,219.1223327666667
2020-01-15,220.38333233333333
2020-01-16,221.5879995
2020-01-17,222.41266583333334
2020-01-18,211.59599916666667
2020-01-19,200.4293325
2020-01-20,200.4293325
2020-01-21,211.76266583333333
2020-01-22,211.58899843333333
2020-01-23,211.32333173333333
2020-01-24,222.93866476666665
2020-01-25,211.78533123333332
2020-01-26,200.6866648666667
2020-01-27,212.21833193333336
2020-01-28,223.74766543333334
2020-01-29,224.41166586666668
2020-01-30,225.04833273333332
2020-01-31,236.6279999
2020-02-01,225.75799969999997
2020-02-02,214.86533306666666
2020-02-03,226.4399994
2020-02-04,238.47333273333334
2020-02-05,240.20699973333333
2020-02-06,241.31133323333333
2020-02-07,242.42966719999998
2020-02-08,231.02966719999998
2020-02-09,219.79200036666666
2020-02-10,231.9586670333333
2020-02-11,244.41700036666666
2020-02-12,245.9296672
2020-02-13,247.0150004333333
2020-02-14,248.44133403333333
2020-02-15,236.99133403333332
2020-02-16,225.62466736666664
2020-02-17,225.62466736666664
2020-02-18,238.2680003
2020-02-19,251.20533346666667
2020-02-20,252.7573334
2020-02-21,254.5166667
2020-02-22,243.6486664
2020-02-23,232.03333336666668
2020-02-24,244.1920003666667
2020-02-25,256.5920003666667
2020-02-26,257.27066656666665
2020-02-27,258.1233327666667
2020-02-28,258.6303324666667
2020-02-29,247.2603322666667
2020-03-01,235.68066510000003
2020-03-02,248.1176646
2020-03-03,260.81866456666665
2020-03-04,261.8363312
2020-03-05,262.5029978666667
2020-03-06,262.25533143333337
2020-03-07,249.93533123333333
2020-03-08,237.76733093333334
2020-03-09,249.22933043333336
2020-03-10,261.1103302
2020-03-11,260.9076639666667
2020-03-12,259.3326639666667
2020-03-13,257.77699786666665
2020-03-14,245.21166483333334
2020-03-15,232.49599813333333
2020-03-16,242.7169983
2020-03-17,252.9233317
2020-03-18,263.0033315
2020-03-19,261.1709981333333
2020-03-20,259.6439982333333
2020-03-21,246.7586649666667
2020-03-22,233.91433206666667
2020-03-23,245.5106659
2020-03-24,257.8436655666667
2020-03-25,257.7189982
2020-03-26,256.78566486666665
2020-03-27,256.54499813333337
2020-03-28,244.16299843333334
2020-03-29,232.0226654
2020-03-30,244.12266540000002
2020-03-31,256.3869985
2020-04-01,256.4849986
2020-04-02,255.9199982
2020-04-03,255.57666526666665
2020-04-04,242.87666526666666
2020-04-05,230.6199982
2020-04-06,242.79399823333333
2020-04-07,255.4606649
2020-04-08,256.4656657333333
2020-04-09,256.9533325666667
2020-04-10,244.98933213333333
2020-04-11,234.1059988
2020-04-12,223.08899846666665
2020-04-13,235.46599840000002
2020-04-14,248.71599840000002
2020-04-15,252.26166490000003
2020-04-16,256.6219981666667
2020-04-17,260.90866503333336
2020-04-18,250.09766546666668
2020-04-19,238.68733220000001
2020-04-20,253.1929993
2020-04-21,268.01866559999996
2020-04-22,270.7466654666667
2020-04-23,272.3889994666667
2020-04-24,274.5216665
2020-04-25,263.05499983333334
2020-04-26,251.0853333
2020-04-27,265.2519999666667
2020-04-28,279.25166629999995
2020-04-29,280.4693329333333
2020-04-30,281.8819997666667
2020-05-01,283.18366703333334
2020-05-02,271.04766746666667
2020-05-03,258.7986674333333
2020-05-04,272.7246674
2020-05-05,286.9766673333333
2020-05-06,289.11266689999997
2020-05-07,291.0090007333334
2020-05-08,293.0133342333333
2020-05-09,280.6446676333333
2020-05-10,280.6446676333333
2020-05-11,295.18900053333334
2020-05-12,309.9223338666667
2020-05-13,312.068334
2020-05-14,313.6483338
2020-05-15,314.57166753333337
2020-05-16,300.0050008666667
2020-05-17,285.63833420000003
2020-05-18,300.677001
2020-05-19,315.7903341333333
2020-05-20,316.4263337
2020-05-21,316.5526673333333
2020-05-22,316.79500029999997
2020-05-23,302.8196666333333
2020-05-24,288.65299996666664
2020-05-25,288.65299996666664
2020-05-26,302.9119996
2020-05-27,302.4246664333333
2020-05-28,302.33299976666666
2020-05-29,302.93066616666664
2020-05-30,289.2536662333333
2020-05-31,275.41699936666663
2020-06-01,289.37799893333334
2020-06-02,303.5736654333333
2020-06-03,303.87933253333335
2020-06-04,303.7069997666667
2020-06-05,302.9733338
2020-06-06,288.4103333
2020-06-07,273.93899946666664
2020-06-08,287.8056661333333
2020-06-09,301.86066593333334
2020-06-10,301.8496663666666
2020-06-11,301.38966676666666
2020-06-12,301.1666667
2020-06-13,286.3366669
2020-06-14,271.64666650000004
2020-06-15,285.6933329666667
2020-06-16,299.8853333
2020-06-17,299.57400006666666
2020-06-18,299.4183339666667
2020-06-19,299.2473338
2020-06-20,284.2953338666667
2020-06-21,269.72866719999996
2020-06-22,284.8956675333333
2020-06-23,300.44566753333334
2020-06-24,316.06366783333334
2020-06-25,317.10000103333334
2020-06-26,318.9670013666667
2020-06-27,305.05900170000007
2020-06-28,291.1436686666667
2020-06-29,305.9846690333334
2020-06-30,320.9853353333334
2020-07-01,322.1576691
2020-07-02,324.1500031
2020-07-03,309.91833603333333
2020-07-04,295.8386688666667
2020-07-05,282.2623352333333
2020-07-06,298.28800153333333
2020-07-07,314.8650014666667
2020-07-08,317.6176677
2020-07-09,320.5093343666667
2020-07-10,323.3003337
2020-07-11,309.02699996666666
2020-07-12,294.72699996666665
2020-07-13,313.65966596666664
2020-07-14,330.8956665333333
2020-07-15,334.0589996666667
2020-07-16,337.416332
2020-07-17,339.1846649333333
2020-07-18,324.2269979
2020-07-19,309.25633139999997
2020-07-20,325.5609985666667
2020-07-21,342.42766523333336
2020-07-22,343.6669983
2020-07-23,344.4879984666666
2020-07-24,344.4956644666666
2020-07-25,329.2003316333333
2020-07-26,313.65399779999996
2020-07-27,329.8043314666666
2020-07-28,346.33833109999995
2020-07-29,347.90566406666665
2020-07-30,348.92866413333326
2020-07-31,350.0716644333333
2020-08-01,333.8836639333333
2020-08-02,333.8836639333333
2020-08-03,350.24566343333333
2020-08-04,366.8673299
2020-08-05,367.79766336666665
2020-08-06,368.0243296
2020-08-07,368.25333043333336
2020-08-08,351.3066639666667
2020-08-09,333.9823313
2020-08-10,350.42733150000004
2020-08-11,366.4189981666667
2020-08-12,363.1976653666667
2020-08-13,361.9083312666667
2020-08-14,360.79233189999997
2020-08-15,343.2429992333333
2020-08-16,326.74733273333334
2020-08-17,342.8869994666667
2020-08-18,359.03199966666665
2020-08-19,359.1916656
2020-08-20,358.48133233333334
2020-08-21,358.62366529999997
2020-08-22,342.2526651333334
2020-08-23,326.62699883333335
2020-08-24,343.14166556666663
2020-08-25,359.41466563333336
2020-08-26,359.6809986333334
2020-08-27,361.07299996666666
2020-08-28,362.39799996666665
2020-08-29,346.3743336
2020-08-30,330.0979999666667
2020-08-31,347.4699990666667
2020-09-01,365.2233316
2020-09-02,367.3206664
2020-09-03,368.8656666
2020-09-04,369.2489999333333
2020-09-05,352.44533376666664
2020-09-06,335.59700003333336
2020-09-07,335.59700003333336
2020-09-08,352.21033316666666
2020-09-09,353.07233369999994
2020-09-10,353.8590005666666
2020-09-11,354.3640003666667
2020-09-12,338.41733389999996
2020-09-13,322.32333366666666
2020-09-14,338.3440001666667
2020-09-15,354.47733350000004
2020-09-16,355.00399976666665
2020-09-17,354.6976663666667
2020-09-18,353.9836669333333
2020-09-19,337.82733353333333
2020-09-20,321.27866716666665
2020-09-21,336.8683339
2020-09-22,353.16866756666667
2020-09-23,353.02200113333333
2020-09-24,352.43333436666666
2020-09-25,351.8296682
2020-09-26,333.90366723333335
2020-09-27,316.1703339
2020-09-28,332.4740000666667
2020-09-29,348.79066673333335
2020-09-30,347.83766786666666
2020-10-01,346.9520019666667
2020-10-02,345.7070007666667
2020-10-03,327.5403341
2020-10-04,310.201001
2020-10-05,327.0943339333333
2020-10-06,344.3849996333333
2020-10-07,361.6516663
2020-10-08,362.82099916666664
2020-10-09,363.44166566666667
2020-10-10,346.6633321333333
2020-10-11,330.44699913333335
2020-10-12,348.74066573333334
2020-10-13,366.7593323333333
2020-10-14,369.492332
2020-10-15,371.54299933333334
2020-10-16,373.193333
2020-10-17,357.3546662
2020-10-18,341.6043325333333
2020-10-19,359.5066661
2020-10-20,377.11133326666663
2020-10-21,378.2226665
2020-10-22,378.4119995666667
2020-10-23,378.3143321
2020-10-24,362.6299988
2020-10-25,346.81699829999997
2020-10-26,363.05133159999997
2020-10-27,379.38499859999996
2020-10-28,379.2933319333333
2020-10-29,379.25999859999996
2020-10-30,379.57466536666664
2020-10-31,362.7069987333333
2020-11-01,345.49266563333333
2020-11-02,361.4549988
2020-11-03,377.6193319
2020-11-04,377.2379984666667
2020-11-05,376.83266603333334
2020-11-06,376.7326660333334
2020-11-07,358.95000003333337
2020-11-08,341.0223328
2020-11-09,357.2069997666667
2020-11-10,372.9053335
2020-11-11,370.71166689999995
2020-11-12,369.05966696666667
2020-11-13,366.5316671
2020-11-14,348.3476664333333
2020-11-15,330.03099976666664
2020-11-16,346.03099976666664
2020-11-17,362.03499959999994
2020-11-18,360.1976664333333
2020-11-19,358.6596659333334
2020-11-20,358.13266600000003
2020-11-21,341.64299926666666
2020-11-22,325.37266643333334
2020-11-23,341.72133279999997
2020-11-24,357.682666
2020-11-25,357.61933286666664
2020-11-26,341.28566586666665
2020-11-27,341.2929992666667
2020-11-28,325.00966593333334
2020-11-29,308.27599893333337
2020-11-30,324.61199849999997
2020-12-01,341.0233317
2020-12-02,341.7816650333333
2020-12-03,342.3836649333333
2020-12-04,342.4549987666667
2020-12-05,325.5696655
2020-12-06,308.4029988333333
2020-12-07,325.06999916666666
2020-12-08,342.3333333
2020-12-09,343.16633296666663
2020-12-10,343.95333250000004
2020-12-11,344.3533325
2020-12-12,327.98666583333335
2020-12-13,311.76099953333335
2020-12-14,328.6089996
2020-12-15,345.8923329333333
2020-12-16,347.2293324333333
2020-12-17,348.8586659333334
2020-12-18,350.56699926666664
2020-12-19,334.5003326
2020-12-20,318.3263325666667
2020-12-21,335.9946655
2020-12-22,353.5843322333333
2020-12-23,354.72766620000004
2020-12-24,355.93699949999996
2020-12-25,339.76599933333335
2020-12-26,339.76599933333335
2020-12-27,323.5466664333333
2020-12-28,340.76099953333335
2020-12-29,358.0910003333333
2020-12-30,359.42600093333334
2020-12-31,360.53233536666664
2021-01-01,343.8116688666667
2021-01-02,327.0453358666667
2021-01-03,310.46200253333336
2021-01-04,328.4286692
2021-01-05,345.8136688000001
2021-01-06,346.2123351666667
2021-01-07,345.8916676666667
2021-01-08,345.91766763333334
2021-01-09,329.4323343666666
2021-01-10,312.9323343666666
2021-01-11,329.86033423333333
2021-01-12,346.52700089999996
2021-01-13,346.1956675
2021-01-14,345.82400103333333
2021-01-15,345.1536682
2021-01-16,327.5203348666667
2021-01-17,309.74700113333336
2021-01-18,309.74700113333336
2021-01-19,326.44700113333334
2021-01-20,327.6260009666667
2021-01-21,329.4513346333333
2021-01-22,331.3626668333333
2021-01-23,314.19200033333334
2021-01-24,314.19200033333334
2021-01-25,333.0920003333333
2021-01-26,351.5829996666667
2021-01-27,352.72566730000005
2021-01-28,353.2583333333333
2021-01-29,353.52066649999995
2021-01-30,336.00299886666664
2021-01-31,336.00299886666664
2021-02-01,353.89599813333336
2021-02-02,371.96299846666665
2021-02-03,372.3353312333333
2021-02-04,372.94399823333333
2021-02-05,374.28699853333336
2021-02-06,357.3443319
2021-02-07,340.30066530000005
2021-02-08,358.80066530000005
2021-02-09,377.00066530000004
2021-02-10,378.8226654333333
2021-02-11,380.9706655
2021-02-12,383.01866556666664
2021-02-13,366.10699869999996
2021-02-14,349.4403320333333
2021-02-15,349.4403320333333
2021-02-16,368.01666463333333
2021-02-17,386.38299763333333
2021-02-18,387.9829976333333
2021-02-19,387.4023315333333
2021-02-20,367.9873311333333
2021-02-21,348.58399860000003
2021-02-22,366.41699826666667
2021-02-23,383.91699826666667
2021-02-24,383.01033120000005
2021-02-25,382.8616658666667
2021-02-26,382.72166546666665
2021-02-27,364.8589986333334
2021-02-28,346.92566530000005
2021-03-01,365.1113322
2021-03-02,383.5559997666667
2021-03-03,383.8606669333333
2021-03-04,383.1769999333334
2021-03-05,381.9040008666667
2021-03-06,363.91033426666667
